zenodo_deposition_id,country,title,doi,url,citation
10796649,Aruba,Infrastructure Climate Resilience Assessment Data Starter Kit for Aruba,10.5281/zenodo.10796649,https://zenodo.org/records/10796649,"Russell, T., Jaramillo, D., Nicholas, C., Thomas, F., Pant, R., & Hall, J. W. (2024). Infrastructure Climate Resilience Assessment Data Starter Kit for Aruba (0.1.0) [Data set]. Zenodo. https://doi.org/10.5281/zenodo.10796649"
10796759,Antigua,Infrastructure Climate Resilience Assessment Data Starter Kit for Antigua,10.5281/zenodo.10796759,https://zenodo.org/records/10796759,"Russell, T., Jaramillo, D., Nicholas, C., Thomas, F., Pant, R., & Hall, J. W. (2024). Infrastructure Climate Resilience Assessment Data Starter Kit for Antigua (0.1.0) [Data set]. Zenodo. https://doi.org/10.5281/zenodo.10796759"
16539786,Barbuda,Infrastructure Climate Resilience Assessment Data Starter Kit for Barbuda,10.5281/zenodo.16539786,https://zenodo.org/records/16539786,"Russell, T., Jaramillo, D., Nicholas, C., Thomas, F., Pant, R., & Hall, J. W. (2025). Infrastructure Climate Resilience Assessment Data Starter Kit for Barbuda (0.2.1) [Data set]. Zenodo. https://doi.org/10.5281/zenodo.16539786"
16540004,Afghanistan,Infrastructure Climate Resilience Assessment Data Starter Kit for Afghanistan,10.5281/zenodo.16540004,https://zenodo.org/records/16540004,"Russell, T., Jaramillo, D., Nicholas, C., Thomas, F., Pant, R., & Hall, J. W. (2025). Infrastructure Climate Resilience Assessment Data Starter Kit for Afghanistan (0.2.1) [Data set]. Zenodo. https://doi.org/10.5281/zenodo.16540004"
16540118,Angola,Infrastructure Climate Resilience Assessment Data Starter Kit for Angola,10.5281/zenodo.16540118,https://zenodo.org/records/16540118,"Russell, T., Jaramillo, D., Nicholas, C., Thomas, F., Pant, R., & Hall, J. W. (2025). Infrastructure Climate Resilience Assessment Data Starter Kit for Angola (0.2.1) [Data set]. Zenodo. https://doi.org/10.5281/zenodo.16540118"
16539735,Anguilla,Infrastructure Climate Resilience Assessment Data Starter Kit for Anguilla,10.5281/zenodo.16539735,https://zenodo.org/records/16539735,"Russell, T., Jaramillo, D., Nicholas, C., Thomas, F., Pant, R., & Hall, J. W. (2025). Infrastructure Climate Resilience Assessment Data Starter Kit for Anguilla (0.2.1) [Data set]. Zenodo. https://doi.org/10.5281/zenodo.16539735"
16539702,Albania,Infrastructure Climate Resilience Assessment Data Starter Kit for Albania,10.5281/zenodo.16539702,https://zenodo.org/records/16539702,"Russell, T., Jaramillo, D., Nicholas, C., Thomas, F., Pant, R., & Hall, J. W. (2025). Infrastructure Climate Resilience Assessment Data Starter Kit for Albania (0.2.1) [Data set]. Zenodo. https://doi.org/10.5281/zenodo.16539702"
16540009,Andorra,Infrastructure Climate Resilience Assessment Data Starter Kit for Andorra,10.5281/zenodo.16540009,https://zenodo.org/records/16540009,"Russell, T., Jaramillo, D., Nicholas, C., Thomas, F., Pant, R., & Hall, J. W. (2025). Infrastructure Climate Resilience Assessment Data Starter Kit for Andorra (0.2.1) [Data set]. Zenodo. https://doi.org/10.5281/zenodo.16540009"
16539701,United Arab Emirates,Infrastructure Climate Resilience Assessment Data Starter Kit for United Arab Emirates,10.5281/zenodo.16539701,https://zenodo.org/records/16539701,"Russell, T., Jaramillo, D., Nicholas, C., Thomas, F., Pant, R., & Hall, J. W. (2025). Infrastructure Climate Resilience Assessment Data Starter Kit for United Arab Emirates (0.2.1) [Data set]. Zenodo. https://doi.org/10.5281/zenodo.16539701"
16540149,Argentina,Infrastructure Climate Resilience Assessment Data Starter Kit for Argentina,10.5281/zenodo.16540149,https://zenodo.org/records/16540149,"Russell, T., Jaramillo, D., Nicholas, C., Thomas, F., Pant, R., & Hall, J. W. (2025). Infrastructure Climate Resilience Assessment Data Starter Kit for Argentina (0.2.1) [Data set]. Zenodo. https://doi.org/10.5281/zenodo.16540149"
16540041,Armenia,Infrastructure Climate Resilience Assessment Data Starter Kit for Armenia,10.5281/zenodo.16540041,https://zenodo.org/records/16540041,"Russell, T., Jaramillo, D., Nicholas, C., Thomas, F., Pant, R., & Hall, J. W. (2025). Infrastructure Climate Resilience Assessment Data Starter Kit for Armenia (0.2.1) [Data set]. Zenodo. https://doi.org/10.5281/zenodo.16540041"
10796787,American Samoa,Infrastructure Climate Resilience Assessment Data Starter Kit for American Samoa,10.5281/zenodo.10796787,https://zenodo.org/records/10796787,"Russell, T., Jaramillo, D., Nicholas, C., Thomas, F., Pant, R., & Hall, J. W. (2024). Infrastructure Climate Resilience Assessment Data Starter Kit for American Samoa (0.1.0) [Data set]. Zenodo. https://doi.org/10.5281/zenodo.10796787"
16539728,Australia,Infrastructure Climate Resilience Assessment Data Starter Kit for Australia,10.5281/zenodo.16539728,https://zenodo.org/records/16539728,"Russell, T., Jaramillo, D., Nicholas, C., Thomas, F., Pant, R., & Hall, J. W. (2025). Infrastructure Climate Resilience Assessment Data Starter Kit for Australia (0.2.1) [Data set]. Zenodo. https://doi.org/10.5281/zenodo.16539728"
16539760,Austria,Infrastructure Climate Resilience Assessment Data Starter Kit for Austria,10.5281/zenodo.16539760,https://zenodo.org/records/16539760,"Russell, T., Jaramillo, D., Nicholas, C., Thomas, F., Pant, R., & Hall, J. W. (2025). Infrastructure Climate Resilience Assessment Data Starter Kit for Austria (0.2.1) [Data set]. Zenodo. https://doi.org/10.5281/zenodo.16539760"
16539737,Azerbaijan,Infrastructure Climate Resilience Assessment Data Starter Kit for Azerbaijan,10.5281/zenodo.16539737,https://zenodo.org/records/16539737,"Russell, T., Jaramillo, D., Nicholas, C., Thomas, F., Pant, R., & Hall, J. W. (2025). Infrastructure Climate Resilience Assessment Data Starter Kit for Azerbaijan (0.2.1) [Data set]. Zenodo. https://doi.org/10.5281/zenodo.16539737"
16540228,Burundi,Infrastructure Climate Resilience Assessment Data Starter Kit for Burundi,10.5281/zenodo.16540228,https://zenodo.org/records/16540228,"Russell, T., Jaramillo, D., Nicholas, C., Thomas, F., Pant, R., & Hall, J. W. (2025). Infrastructure Climate Resilience Assessment Data Starter Kit for Burundi (0.2.1) [Data set]. Zenodo. https://doi.org/10.5281/zenodo.16540228"
16540007,Belgium,Infrastructure Climate Resilience Assessment Data Starter Kit for Belgium,10.5281/zenodo.16540007,https://zenodo.org/records/16540007,"Russell, T., Jaramillo, D., Nicholas, C., Thomas, F., Pant, R., & Hall, J. W. (2025). Infrastructure Climate Resilience Assessment Data Starter Kit for Belgium (0.2.1) [Data set]. Zenodo. https://doi.org/10.5281/zenodo.16540007"
10410904,Benin,Infrastructure Climate Resilience Assessment Data Starter Kit for Benin,10.5281/zenodo.10410904,https://zenodo.org/records/10410904,"Russell, T., Jaramillo, D., Nicholas, C., Thomas, F., Pant, R., & Hall, J. W. (2023). Infrastructure Climate Resilience Assessment Data Starter Kit for Benin (0.1.0) [Data set]. Zenodo. https://doi.org/10.5281/zenodo.10410904"
16539785,Burkina Faso,Infrastructure Climate Resilience Assessment Data Starter Kit for Burkina Faso,10.5281/zenodo.16539785,https://zenodo.org/records/16539785,"Russell, T., Jaramillo, D., Nicholas, C., Thomas, F., Pant, R., & Hall, J. W. (2025). Infrastructure Climate Resilience Assessment Data Starter Kit for Burkina Faso (0.2.1) [Data set]. Zenodo. https://doi.org/10.5281/zenodo.16539785"
10796717,Bangladesh,Infrastructure Climate Resilience Assessment Data Starter Kit for Bangladesh,10.5281/zenodo.10796717,https://zenodo.org/records/10796717,"Russell, T., Jaramillo, D., Nicholas, C., Thomas, F., Pant, R., & Hall, J. W. (2024). Infrastructure Climate Resilience Assessment Data Starter Kit for Bangladesh (0.1.0) [Data set]. Zenodo. https://doi.org/10.5281/zenodo.10796717"
16540110,Bulgaria,Infrastructure Climate Resilience Assessment Data Starter Kit for Bulgaria,10.5281/zenodo.16540110,https://zenodo.org/records/16540110,"Russell, T., Jaramillo, D., Nicholas, C., Thomas, F., Pant, R., & Hall, J. W. (2025). Infrastructure Climate Resilience Assessment Data Starter Kit for Bulgaria (0.2.1) [Data set]. Zenodo. https://doi.org/10.5281/zenodo.16540110"
16540106,Bahrain,Infrastructure Climate Resilience Assessment Data Starter Kit for Bahrain,10.5281/zenodo.16540106,https://zenodo.org/records/16540106,"Russell, T., Jaramillo, D., Nicholas, C., Thomas, F., Pant, R., & Hall, J. W. (2025). Infrastructure Climate Resilience Assessment Data Starter Kit for Bahrain (0.2.1) [Data set]. Zenodo. https://doi.org/10.5281/zenodo.16540106"
16539787,The Bahamas,Infrastructure Climate Resilience Assessment Data Starter Kit for The Bahamas,10.5281/zenodo.16539787,https://zenodo.org/records/16539787,"Russell, T., Jaramillo, D., Nicholas, C., Thomas, F., Pant, R., & Hall, J. W. (2025). Infrastructure Climate Resilience Assessment Data Starter Kit for The Bahamas (0.2.1) [Data set]. Zenodo. https://doi.org/10.5281/zenodo.16539787"
16540013,Bosnia and Herzegovina,Infrastructure Climate Resilience Assessment Data Starter Kit for Bosnia and Herzegovina,10.5281/zenodo.16540013,https://zenodo.org/records/16540013,"Russell, T., Jaramillo, D., Nicholas, C., Thomas, F., Pant, R., & Hall, J. W. (2025). Infrastructure Climate Resilience Assessment Data Starter Kit for Bosnia and Herzegovina (0.2.1) [Data set]. Zenodo. https://doi.org/10.5281/zenodo.16540013"
10796742,Saint Barthelemy,Infrastructure Climate Resilience Assessment Data Starter Kit for Saint Barthelemy,10.5281/zenodo.10796742,https://zenodo.org/records/10796742,"Russell, T., Jaramillo, D., Nicholas, C., Thomas, F., Pant, R., & Hall, J. W. (2024). Infrastructure Climate Resilience Assessment Data Starter Kit for Saint Barthelemy (0.1.0) [Data set]. Zenodo. https://doi.org/10.5281/zenodo.10796742"
16540159,Belarus,Infrastructure Climate Resilience Assessment Data Starter Kit for Belarus,10.5281/zenodo.16540159,https://zenodo.org/records/16540159,"Russell, T., Jaramillo, D., Nicholas, C., Thomas, F., Pant, R., & Hall, J. W. (2025). Infrastructure Climate Resilience Assessment Data Starter Kit for Belarus (0.2.1) [Data set]. Zenodo. https://doi.org/10.5281/zenodo.16540159"
10796617,Belize,Infrastructure Climate Resilience Assessment Data Starter Kit for Belize,10.5281/zenodo.10796617,https://zenodo.org/records/10796617,"Russell, T., Jaramillo, D., Nicholas, C., Thomas, F., Pant, R., & Hall, J. W. (2024). Infrastructure Climate Resilience Assessment Data Starter Kit for Belize (0.1.0) [Data set]. Zenodo. https://doi.org/10.5281/zenodo.10796617"
16539792,Bermuda,Infrastructure Climate Resilience Assessment Data Starter Kit for Bermuda,10.5281/zenodo.16539792,https://zenodo.org/records/16539792,"Russell, T., Jaramillo, D., Nicholas, C., Thomas, F., Pant, R., & Hall, J. W. (2025). Infrastructure Climate Resilience Assessment Data Starter Kit for Bermuda (0.2.1) [Data set]. Zenodo. https://doi.org/10.5281/zenodo.16539792"
16540220,Bolivia,Infrastructure Climate Resilience Assessment Data Starter Kit for Bolivia,10.5281/zenodo.16540220,https://zenodo.org/records/16540220,"Russell, T., Jaramillo, D., Nicholas, C., Thomas, F., Pant, R., & Hall, J. W. (2025). Infrastructure Climate Resilience Assessment Data Starter Kit for Bolivia (0.2.1) [Data set]. Zenodo. https://doi.org/10.5281/zenodo.16540220"
16539780,Bonaire,Infrastructure Climate Resilience Assessment Data Starter Kit for Bonaire,10.5281/zenodo.16539780,https://zenodo.org/records/16539780,"Russell, T., Jaramillo, D., Nicholas, C., Thomas, F., Pant, R., & Hall, J. W. (2025). Infrastructure Climate Resilience Assessment Data Starter Kit for Bonaire (0.2.1) [Data set]. Zenodo. https://doi.org/10.5281/zenodo.16539780"
10796805,Saint-Eustatius,Infrastructure Climate Resilience Assessment Data Starter Kit for Saint-Eustatius,10.5281/zenodo.10796805,https://zenodo.org/records/10796805,"Russell, T., Jaramillo, D., Nicholas, C., Thomas, F., Pant, R., & Hall, J. W. (2024). Infrastructure Climate Resilience Assessment Data Starter Kit for Saint-Eustatius (0.1.0) [Data set]. Zenodo. https://doi.org/10.5281/zenodo.10796805"
16540091,Saba,Infrastructure Climate Resilience Assessment Data Starter Kit for Saba,10.5281/zenodo.16540091,https://zenodo.org/records/16540091,"Russell, T., Jaramillo, D., Nicholas, C., Thomas, F., Pant, R., & Hall, J. W. (2025). Infrastructure Climate Resilience Assessment Data Starter Kit for Saba (0.2.1) [Data set]. Zenodo. https://doi.org/10.5281/zenodo.16540091"
16540153,Brazil,Infrastructure Climate Resilience Assessment Data Starter Kit for Brazil,10.5281/zenodo.16540153,https://zenodo.org/records/16540153,"Russell, T., Jaramillo, D., Nicholas, C., Thomas, F., Pant, R., & Hall, J. W. (2025). Infrastructure Climate Resilience Assessment Data Starter Kit for Brazil (0.2.1) [Data set]. Zenodo. https://doi.org/10.5281/zenodo.16540153"
16540049,Barbados,Infrastructure Climate Resilience Assessment Data Starter Kit for Barbados,10.5281/zenodo.16540049,https://zenodo.org/records/16540049,"Russell, T., Jaramillo, D., Nicholas, C., Thomas, F., Pant, R., & Hall, J. W. (2025). Infrastructure Climate Resilience Assessment Data Starter Kit for Barbados (0.2.1) [Data set]. Zenodo. https://doi.org/10.5281/zenodo.16540049"
16540103,Brunei,Infrastructure Climate Resilience Assessment Data Starter Kit for Brunei,10.5281/zenodo.16540103,https://zenodo.org/records/16540103,"Russell, T., Jaramillo, D., Nicholas, C., Thomas, F., Pant, R., & Hall, J. W. (2025). Infrastructure Climate Resilience Assessment Data Starter Kit for Brunei (0.2.1) [Data set]. Zenodo. https://doi.org/10.5281/zenodo.16540103"
16540225,Bhutan,Infrastructure Climate Resilience Assessment Data Starter Kit for Bhutan,10.5281/zenodo.16540225,https://zenodo.org/records/16540225,"Russell, T., Jaramillo, D., Nicholas, C., Thomas, F., Pant, R., & Hall, J. W. (2025). Infrastructure Climate Resilience Assessment Data Starter Kit for Bhutan (0.2.1) [Data set]. Zenodo. https://doi.org/10.5281/zenodo.16540225"
16540178,Botswana,Infrastructure Climate Resilience Assessment Data Starter Kit for Botswana,10.5281/zenodo.16540178,https://zenodo.org/records/16540178,"Russell, T., Jaramillo, D., Nicholas, C., Thomas, F., Pant, R., & Hall, J. W. (2025). Infrastructure Climate Resilience Assessment Data Starter Kit for Botswana (0.2.1) [Data set]. Zenodo. https://doi.org/10.5281/zenodo.16540178"
16540092,Central African Republic,Infrastructure Climate Resilience Assessment Data Starter Kit for Central African Republic,10.5281/zenodo.16540092,https://zenodo.org/records/16540092,"Russell, T., Jaramillo, D., Nicholas, C., Thomas, F., Pant, R., & Hall, J. W. (2025). Infrastructure Climate Resilience Assessment Data Starter Kit for Central African Republic (0.2.1) [Data set]. Zenodo. https://doi.org/10.5281/zenodo.16540092"
10796793,Cocos (Keeling) Islands,Infrastructure Climate Resilience Assessment Data Starter Kit for Cocos (Keeling) Islands,10.5281/zenodo.10796793,https://zenodo.org/records/10796793,"Russell, T., Jaramillo, D., Nicholas, C., Thomas, F., Pant, R., & Hall, J. W. (2024). Infrastructure Climate Resilience Assessment Data Starter Kit for Cocos (Keeling) Islands (0.1.0) [Data set]. Zenodo. https://doi.org/10.5281/zenodo.10796793"
16540039,Switzerland,Infrastructure Climate Resilience Assessment Data Starter Kit for Switzerland,10.5281/zenodo.16540039,https://zenodo.org/records/16540039,"Russell, T., Jaramillo, D., Nicholas, C., Thomas, F., Pant, R., & Hall, J. W. (2025). Infrastructure Climate Resilience Assessment Data Starter Kit for Switzerland (0.2.1) [Data set]. Zenodo. https://doi.org/10.5281/zenodo.16540039"
16540025,Chile,Infrastructure Climate Resilience Assessment Data Starter Kit for Chile,10.5281/zenodo.16540025,https://zenodo.org/records/16540025,"Russell, T., Jaramillo, D., Nicholas, C., Thomas, F., Pant, R., & Hall, J. W. (2025). Infrastructure Climate Resilience Assessment Data Starter Kit for Chile (0.2.1) [Data set]. Zenodo. https://doi.org/10.5281/zenodo.16540025"
16540011,China,Infrastructure Climate Resilience Assessment Data Starter Kit for China,10.5281/zenodo.16540011,https://zenodo.org/records/16540011,"Russell, T., Jaramillo, D., Nicholas, C., Thomas, F., Pant, R., & Hall, J. W. (2025). Infrastructure Climate Resilience Assessment Data Starter Kit for China (0.2.1) [Data set]. Zenodo. https://doi.org/10.5281/zenodo.16540011"
10410882,Ivory Coast,Infrastructure Climate Resilience Assessment Data Starter Kit for Ivory Coast,10.5281/zenodo.10410882,https://zenodo.org/records/10410882,"Russell, T., Jaramillo, D., Nicholas, C., Thomas, F., Pant, R., & Hall, J. W. (2023). Infrastructure Climate Resilience Assessment Data Starter Kit for Ivory Coast (0.1.0) [Data set]. Zenodo. https://doi.org/10.5281/zenodo.10410882"
16540163,Cameroon,Infrastructure Climate Resilience Assessment Data Starter Kit for Cameroon,10.5281/zenodo.16540163,https://zenodo.org/records/16540163,"Russell, T., Jaramillo, D., Nicholas, C., Thomas, F., Pant, R., & Hall, J. W. (2025). Infrastructure Climate Resilience Assessment Data Starter Kit for Cameroon (0.2.1) [Data set]. Zenodo. https://doi.org/10.5281/zenodo.16540163"
15276150,Democratic Republic of the Congo,Infrastructure Climate Resilience Assessment Data Starter Kit for Democratic Republic of the Congo,10.5281/zenodo.15276150,https://zenodo.org/records/15276150,"Russell, T., Jaramillo, D., Nicholas, C., Thomas, F., Pant, R., & Hall, J. W. (2025). Infrastructure Climate Resilience Assessment Data Starter Kit for Democratic Republic of the Congo (0.2.1) [Data set]. Zenodo. https://doi.org/10.5281/zenodo.15276150"
16539756,Republic of the Congo,Infrastructure Climate Resilience Assessment Data Starter Kit for Republic of the Congo,10.5281/zenodo.16539756,https://zenodo.org/records/16539756,"Russell, T., Jaramillo, D., Nicholas, C., Thomas, F., Pant, R., & Hall, J. W. (2025). Infrastructure Climate Resilience Assessment Data Starter Kit for Republic of the Congo (0.2.1) [Data set]. Zenodo. https://doi.org/10.5281/zenodo.16539756"
16539781,Cook Islands,Infrastructure Climate Resilience Assessment Data Starter Kit for Cook Islands,10.5281/zenodo.16539781,https://zenodo.org/records/16539781,"Russell, T., Jaramillo, D., Nicholas, C., Thomas, F., Pant, R., & Hall, J. W. (2025). Infrastructure Climate Resilience Assessment Data Starter Kit for Cook Islands (0.2.1) [Data set]. Zenodo. https://doi.org/10.5281/zenodo.16539781"
10410814,Colombia,Infrastructure Climate Resilience Assessment Data Starter Kit for Colombia,10.5281/zenodo.10410814,https://zenodo.org/records/10410814,"Russell, T., Jaramillo, D., Nicholas, C., Thomas, F., Pant, R., & Hall, J. W. (2023). Infrastructure Climate Resilience Assessment Data Starter Kit for Colombia (0.1.0) [Data set]. Zenodo. https://doi.org/10.5281/zenodo.10410814"
10796685,Comoros,Infrastructure Climate Resilience Assessment Data Starter Kit for Comoros,10.5281/zenodo.10796685,https://zenodo.org/records/10796685,"Russell, T., Jaramillo, D., Nicholas, C., Thomas, F., Pant, R., & Hall, J. W. (2024). Infrastructure Climate Resilience Assessment Data Starter Kit for Comoros (0.1.0) [Data set]. Zenodo. https://doi.org/10.5281/zenodo.10796685"
16540147,Cabo Verde,Infrastructure Climate Resilience Assessment Data Starter Kit for Cabo Verde,10.5281/zenodo.16540147,https://zenodo.org/records/16540147,"Russell, T., Jaramillo, D., Nicholas, C., Thomas, F., Pant, R., & Hall, J. W. (2025). Infrastructure Climate Resilience Assessment Data Starter Kit for Cabo Verde (0.2.1) [Data set]. Zenodo. https://doi.org/10.5281/zenodo.16540147"
10796695,Costa Rica,Infrastructure Climate Resilience Assessment Data Starter Kit for Costa Rica,10.5281/zenodo.10796695,https://zenodo.org/records/10796695,"Russell, T., Jaramillo, D., Nicholas, C., Thomas, F., Pant, R., & Hall, J. W. (2024). Infrastructure Climate Resilience Assessment Data Starter Kit for Costa Rica (0.1.0) [Data set]. Zenodo. https://doi.org/10.5281/zenodo.10796695"
10796627,Cuba,Infrastructure Climate Resilience Assessment Data Starter Kit for Cuba,10.5281/zenodo.10796627,https://zenodo.org/records/10796627,"Russell, T., Jaramillo, D., Nicholas, C., Thomas, F., Pant, R., & Hall, J. W. (2024). Infrastructure Climate Resilience Assessment Data Starter Kit for Cuba (0.1.0) [Data set]. Zenodo. https://doi.org/10.5281/zenodo.10796627"
16540233,Curaçao,Infrastructure Climate Resilience Assessment Data Starter Kit for Curaçao,10.5281/zenodo.16540233,https://zenodo.org/records/16540233,"Russell, T., Jaramillo, D., Nicholas, C., Thomas, F., Pant, R., & Hall, J. W. (2025). Infrastructure Climate Resilience Assessment Data Starter Kit for Curaçao (0.2.1) [Data set]. Zenodo. https://doi.org/10.5281/zenodo.16540233"
10796647,Christmas Island,Infrastructure Climate Resilience Assessment Data Starter Kit for Christmas Island,10.5281/zenodo.10796647,https://zenodo.org/records/10796647,"Russell, T., Jaramillo, D., Nicholas, C., Thomas, F., Pant, R., & Hall, J. W. (2024). Infrastructure Climate Resilience Assessment Data Starter Kit for Christmas Island (0.1.0) [Data set]. Zenodo. https://doi.org/10.5281/zenodo.10796647"
16539777,Cayman Islands,Infrastructure Climate Resilience Assessment Data Starter Kit for Cayman Islands,10.5281/zenodo.16539777,https://zenodo.org/records/16539777,"Russell, T., Jaramillo, D., Nicholas, C., Thomas, F., Pant, R., & Hall, J. W. (2025). Infrastructure Climate Resilience Assessment Data Starter Kit for Cayman Islands (0.2.1) [Data set]. Zenodo. https://doi.org/10.5281/zenodo.16539777"
16539706,Cyprus,Infrastructure Climate Resilience Assessment Data Starter Kit for Cyprus,10.5281/zenodo.16539706,https://zenodo.org/records/16539706,"Russell, T., Jaramillo, D., Nicholas, C., Thomas, F., Pant, R., & Hall, J. W. (2025). Infrastructure Climate Resilience Assessment Data Starter Kit for Cyprus (0.2.1) [Data set]. Zenodo. https://doi.org/10.5281/zenodo.16539706"
16539710,Czechia,Infrastructure Climate Resilience Assessment Data Starter Kit for Czechia,10.5281/zenodo.16539710,https://zenodo.org/records/16539710,"Russell, T., Jaramillo, D., Nicholas, C., Thomas, F., Pant, R., & Hall, J. W. (2025). Infrastructure Climate Resilience Assessment Data Starter Kit for Czechia (0.2.1) [Data set]. Zenodo. https://doi.org/10.5281/zenodo.16539710"
16539764,Germany,Infrastructure Climate Resilience Assessment Data Starter Kit for Germany,10.5281/zenodo.16539764,https://zenodo.org/records/16539764,"Russell, T., Jaramillo, D., Nicholas, C., Thomas, F., Pant, R., & Hall, J. W. (2025). Infrastructure Climate Resilience Assessment Data Starter Kit for Germany (0.2.1) [Data set]. Zenodo. https://doi.org/10.5281/zenodo.16539764"
10410914,Djibouti,Infrastructure Climate Resilience Assessment Data Starter Kit for Djibouti,10.5281/zenodo.10410914,https://zenodo.org/records/10410914,"Russell, T., Jaramillo, D., Nicholas, C., Thomas, F., Pant, R., & Hall, J. W. (2023). Infrastructure Climate Resilience Assessment Data Starter Kit for Djibouti (0.1.0) [Data set]. Zenodo. https://doi.org/10.5281/zenodo.10410914"
16540207,Dominica,Infrastructure Climate Resilience Assessment Data Starter Kit for Dominica,10.5281/zenodo.16540207,https://zenodo.org/records/16540207,"Russell, T., Jaramillo, D., Nicholas, C., Thomas, F., Pant, R., & Hall, J. W. (2025). Infrastructure Climate Resilience Assessment Data Starter Kit for Dominica (0.2.1) [Data set]. Zenodo. https://doi.org/10.5281/zenodo.16540207"
16539743,Denmark,Infrastructure Climate Resilience Assessment Data Starter Kit for Denmark,10.5281/zenodo.16539743,https://zenodo.org/records/16539743,"Russell, T., Jaramillo, D., Nicholas, C., Thomas, F., Pant, R., & Hall, J. W. (2025). Infrastructure Climate Resilience Assessment Data Starter Kit for Denmark (0.2.1) [Data set]. Zenodo. https://doi.org/10.5281/zenodo.16539743"
10796711,Dominican Republic,Infrastructure Climate Resilience Assessment Data Starter Kit for Dominican Republic,10.5281/zenodo.10796711,https://zenodo.org/records/10796711,"Russell, T., Jaramillo, D., Nicholas, C., Thomas, F., Pant, R., & Hall, J. W. (2024). Infrastructure Climate Resilience Assessment Data Starter Kit for Dominican Republic (0.1.0) [Data set]. Zenodo. https://doi.org/10.5281/zenodo.10796711"
10410894,Algeria,Infrastructure Climate Resilience Assessment Data Starter Kit for Algeria,10.5281/zenodo.10410894,https://zenodo.org/records/10410894,"Russell, T., Jaramillo, D., Nicholas, C., Thomas, F., Pant, R., & Hall, J. W. (2023). Infrastructure Climate Resilience Assessment Data Starter Kit for Algeria (0.1.0) [Data set]. Zenodo. https://doi.org/10.5281/zenodo.10410894"
16540132,Ecuador,Infrastructure Climate Resilience Assessment Data Starter Kit for Ecuador,10.5281/zenodo.16540132,https://zenodo.org/records/16540132,"Russell, T., Jaramillo, D., Nicholas, C., Thomas, F., Pant, R., & Hall, J. W. (2025). Infrastructure Climate Resilience Assessment Data Starter Kit for Ecuador (0.2.1) [Data set]. Zenodo. https://doi.org/10.5281/zenodo.16540132"
16540181,Egypt,Infrastructure Climate Resilience Assessment Data Starter Kit for Egypt,10.5281/zenodo.16540181,https://zenodo.org/records/16540181,"Russell, T., Jaramillo, D., Nicholas, C., Thomas, F., Pant, R., & Hall, J. W. (2025). Infrastructure Climate Resilience Assessment Data Starter Kit for Egypt (0.2.1) [Data set]. Zenodo. https://doi.org/10.5281/zenodo.16540181"
16540028,Canary Islands,Infrastructure Climate Resilience Assessment Data Starter Kit for Canary Islands,10.5281/zenodo.16540028,https://zenodo.org/records/16540028,"Russell, T., Jaramillo, D., Nicholas, C., Thomas, F., Pant, R., & Hall, J. W. (2025). Infrastructure Climate Resilience Assessment Data Starter Kit for Canary Islands (0.2.1) [Data set]. Zenodo. https://doi.org/10.5281/zenodo.16540028"
16540119,Galapagos Islands,Infrastructure Climate Resilience Assessment Data Starter Kit for Galapagos Islands,10.5281/zenodo.16540119,https://zenodo.org/records/16540119,"Russell, T., Jaramillo, D., Nicholas, C., Thomas, F., Pant, R., & Hall, J. W. (2025). Infrastructure Climate Resilience Assessment Data Starter Kit for Galapagos Islands (0.2.1) [Data set]. Zenodo. https://doi.org/10.5281/zenodo.16540119"
16540187,Eritrea,Infrastructure Climate Resilience Assessment Data Starter Kit for Eritrea,10.5281/zenodo.16540187,https://zenodo.org/records/16540187,"Russell, T., Jaramillo, D., Nicholas, C., Thomas, F., Pant, R., & Hall, J. W. (2025). Infrastructure Climate Resilience Assessment Data Starter Kit for Eritrea (0.2.1) [Data set]. Zenodo. https://doi.org/10.5281/zenodo.16540187"
16539798,Spain,Infrastructure Climate Resilience Assessment Data Starter Kit for Spain,10.5281/zenodo.16539798,https://zenodo.org/records/16539798,"Russell, T., Jaramillo, D., Nicholas, C., Thomas, F., Pant, R., & Hall, J. W. (2025). Infrastructure Climate Resilience Assessment Data Starter Kit for Spain (0.2.1) [Data set]. Zenodo. https://doi.org/10.5281/zenodo.16539798"
16540096,Estonia,Infrastructure Climate Resilience Assessment Data Starter Kit for Estonia,10.5281/zenodo.16540096,https://zenodo.org/records/16540096,"Russell, T., Jaramillo, D., Nicholas, C., Thomas, F., Pant, R., & Hall, J. W. (2025). Infrastructure Climate Resilience Assessment Data Starter Kit for Estonia (0.2.1) [Data set]. Zenodo. https://doi.org/10.5281/zenodo.16540096"
10410845,Ethiopia,Infrastructure Climate Resilience Assessment Data Starter Kit for Ethiopia,10.5281/zenodo.10410845,https://zenodo.org/records/10410845,"Russell, T., Jaramillo, D., Nicholas, C., Thomas, F., Pant, R., & Hall, J. W. (2023). Infrastructure Climate Resilience Assessment Data Starter Kit for Ethiopia (0.1.0) [Data set]. Zenodo. https://doi.org/10.5281/zenodo.10410845"
16539712,Finland,Infrastructure Climate Resilience Assessment Data Starter Kit for Finland,10.5281/zenodo.16539712,https://zenodo.org/records/16539712,"Russell, T., Jaramillo, D., Nicholas, C., Thomas, F., Pant, R., & Hall, J. W. (2025). Infrastructure Climate Resilience Assessment Data Starter Kit for Finland (0.2.1) [Data set]. Zenodo. https://doi.org/10.5281/zenodo.16539712"
16540046,Falkland Islands,Infrastructure Climate Resilience Assessment Data Starter Kit for Falkland Islands,10.5281/zenodo.16540046,https://zenodo.org/records/16540046,"Russell, T., Jaramillo, D., Nicholas, C., Thomas, F., Pant, R., & Hall, J. W. (2025). Infrastructure Climate Resilience Assessment Data Starter Kit for Falkland Islands (0.2.1) [Data set]. Zenodo. https://doi.org/10.5281/zenodo.16540046"
16540017,Corsica,Infrastructure Climate Resilience Assessment Data Starter Kit for Corsica,10.5281/zenodo.16540017,https://zenodo.org/records/16540017,"Russell, T., Jaramillo, D., Nicholas, C., Thomas, F., Pant, R., & Hall, J. W. (2025). Infrastructure Climate Resilience Assessment Data Starter Kit for Corsica (0.2.1) [Data set]. Zenodo. https://doi.org/10.5281/zenodo.16540017"
16539778,Fiji (East),Infrastructure Climate Resilience Assessment Data Starter Kit for Fiji (East),10.5281/zenodo.16539778,https://zenodo.org/records/16539778,"Russell, T., Jaramillo, D., Nicholas, C., Thomas, F., Pant, R., & Hall, J. W. (2025). Infrastructure Climate Resilience Assessment Data Starter Kit for Fiji (East) (0.2.1) [Data set]. Zenodo. https://doi.org/10.5281/zenodo.16539778"
16539987,Fiji (West),Infrastructure Climate Resilience Assessment Data Starter Kit for Fiji (West),10.5281/zenodo.16539987,https://zenodo.org/records/16539987,"Russell, T., Jaramillo, D., Nicholas, C., Thomas, F., Pant, R., & Hall, J. W. (2025). Infrastructure Climate Resilience Assessment Data Starter Kit for Fiji (West) (0.2.1) [Data set]. Zenodo. https://doi.org/10.5281/zenodo.16539987"
16539758,France,Infrastructure Climate Resilience Assessment Data Starter Kit for France,10.5281/zenodo.16539758,https://zenodo.org/records/16539758,"Russell, T., Jaramillo, D., Nicholas, C., Thomas, F., Pant, R., & Hall, J. W. (2025). Infrastructure Climate Resilience Assessment Data Starter Kit for France (0.2.1) [Data set]. Zenodo. https://doi.org/10.5281/zenodo.16539758"
16540003,Faroe Islands,Infrastructure Climate Resilience Assessment Data Starter Kit for Faroe Islands,10.5281/zenodo.16540003,https://zenodo.org/records/16540003,"Russell, T., Jaramillo, D., Nicholas, C., Thomas, F., Pant, R., & Hall, J. W. (2025). Infrastructure Climate Resilience Assessment Data Starter Kit for Faroe Islands (0.2.1) [Data set]. Zenodo. https://doi.org/10.5281/zenodo.16540003"
16540121,Federated States of Micronesia,Infrastructure Climate Resilience Assessment Data Starter Kit for Federated States of Micronesia,10.5281/zenodo.16540121,https://zenodo.org/records/16540121,"Russell, T., Jaramillo, D., Nicholas, C., Thomas, F., Pant, R., & Hall, J. W. (2025). Infrastructure Climate Resilience Assessment Data Starter Kit for Federated States of Micronesia (0.2.1) [Data set]. Zenodo. https://doi.org/10.5281/zenodo.16540121"
16540090,Gabon,Infrastructure Climate Resilience Assessment Data Starter Kit for Gabon,10.5281/zenodo.16540090,https://zenodo.org/records/16540090,"Russell, T., Jaramillo, D., Nicholas, C., Thomas, F., Pant, R., & Hall, J. W. (2025). Infrastructure Climate Resilience Assessment Data Starter Kit for Gabon (0.2.1) [Data set]. Zenodo. https://doi.org/10.5281/zenodo.16540090"
16540052,United Kingdom,Infrastructure Climate Resilience Assessment Data Starter Kit for United Kingdom,10.5281/zenodo.16540052,https://zenodo.org/records/16540052,"Russell, T., Jaramillo, D., Nicholas, C., Thomas, F., Pant, R., & Hall, J. W. (2025). Infrastructure Climate Resilience Assessment Data Starter Kit for United Kingdom (0.2.1) [Data set]. Zenodo. https://doi.org/10.5281/zenodo.16540052"
16539749,Georgia,Infrastructure Climate Resilience Assessment Data Starter Kit for Georgia,10.5281/zenodo.16539749,https://zenodo.org/records/16539749,"Russell, T., Jaramillo, D., Nicholas, C., Thomas, F., Pant, R., & Hall, J. W. (2025). Infrastructure Climate Resilience Assessment Data Starter Kit for Georgia (0.2.1) [Data set]. Zenodo. https://doi.org/10.5281/zenodo.16539749"
16539753,Guernsey,Infrastructure Climate Resilience Assessment Data Starter Kit for Guernsey,10.5281/zenodo.16539753,https://zenodo.org/records/16539753,"Russell, T., Jaramillo, D., Nicholas, C., Thomas, F., Pant, R., & Hall, J. W. (2025). Infrastructure Climate Resilience Assessment Data Starter Kit for Guernsey (0.2.1) [Data set]. Zenodo. https://doi.org/10.5281/zenodo.16539753"
14536877,Ghana,Infrastructure Climate Resilience Assessment Data Starter Kit for Ghana,10.5281/zenodo.14536877,https://zenodo.org/records/14536877,"Russell, T., Jaramillo, D., Nicholas, C., Thomas, F., Pant, R., & Hall, J. W. (2024). Infrastructure Climate Resilience Assessment Data Starter Kit for Ghana (0.2.0) [Data set]. Zenodo. https://doi.org/10.5281/zenodo.14536877"
10410837,Gibraltar,Infrastructure Climate Resilience Assessment Data Starter Kit for Gibraltar,10.5281/zenodo.10410837,https://zenodo.org/records/10410837,"Russell, T., Jaramillo, D., Nicholas, C., Thomas, F., Pant, R., & Hall, J. W. (2023). Infrastructure Climate Resilience Assessment Data Starter Kit for Gibraltar (0.1.0) [Data set]. Zenodo. https://doi.org/10.5281/zenodo.10410837"
16539789,Guinea,Infrastructure Climate Resilience Assessment Data Starter Kit for Guinea,10.5281/zenodo.16539789,https://zenodo.org/records/16539789,"Russell, T., Jaramillo, D., Nicholas, C., Thomas, F., Pant, R., & Hall, J. W. (2025). Infrastructure Climate Resilience Assessment Data Starter Kit for Guinea (0.2.1) [Data set]. Zenodo. https://doi.org/10.5281/zenodo.16539789"
16540104,Guadeloupe,Infrastructure Climate Resilience Assessment Data Starter Kit for Guadeloupe,10.5281/zenodo.16540104,https://zenodo.org/records/16540104,"Russell, T., Jaramillo, D., Nicholas, C., Thomas, F., Pant, R., & Hall, J. W. (2025). Infrastructure Climate Resilience Assessment Data Starter Kit for Guadeloupe (0.2.1) [Data set]. Zenodo. https://doi.org/10.5281/zenodo.16540104"
16539738,Gambia,Infrastructure Climate Resilience Assessment Data Starter Kit for Gambia,10.5281/zenodo.16539738,https://zenodo.org/records/16539738,"Russell, T., Jaramillo, D., Nicholas, C., Thomas, F., Pant, R., & Hall, J. W. (2025). Infrastructure Climate Resilience Assessment Data Starter Kit for Gambia (0.2.1) [Data set]. Zenodo. https://doi.org/10.5281/zenodo.16539738"
16540120,Guinea-Bissau,Infrastructure Climate Resilience Assessment Data Starter Kit for Guinea-Bissau,10.5281/zenodo.16540120,https://zenodo.org/records/16540120,"Russell, T., Jaramillo, D., Nicholas, C., Thomas, F., Pant, R., & Hall, J. W. (2025). Infrastructure Climate Resilience Assessment Data Starter Kit for Guinea-Bissau (0.2.1) [Data set]. Zenodo. https://doi.org/10.5281/zenodo.16540120"
10410861,Equatorial Guinea,Infrastructure Climate Resilience Assessment Data Starter Kit for Equatorial Guinea,10.5281/zenodo.10410861,https://zenodo.org/records/10410861,"Russell, T., Jaramillo, D., Nicholas, C., Thomas, F., Pant, R., & Hall, J. W. (2023). Infrastructure Climate Resilience Assessment Data Starter Kit for Equatorial Guinea (0.1.0) [Data set]. Zenodo. https://doi.org/10.5281/zenodo.10410861"
16540006,Greece,Infrastructure Climate Resilience Assessment Data Starter Kit for Greece,10.5281/zenodo.16540006,https://zenodo.org/records/16540006,"Russell, T., Jaramillo, D., Nicholas, C., Thomas, F., Pant, R., & Hall, J. W. (2025). Infrastructure Climate Resilience Assessment Data Starter Kit for Greece (0.2.1) [Data set]. Zenodo. https://doi.org/10.5281/zenodo.16540006"
10796741,Grenada,Infrastructure Climate Resilience Assessment Data Starter Kit for Grenada,10.5281/zenodo.10796741,https://zenodo.org/records/10796741,"Russell, T., Jaramillo, D., Nicholas, C., Thomas, F., Pant, R., & Hall, J. W. (2024). Infrastructure Climate Resilience Assessment Data Starter Kit for Grenada (0.1.0) [Data set]. Zenodo. https://doi.org/10.5281/zenodo.10796741"
16540224,Greenland,Infrastructure Climate Resilience Assessment Data Starter Kit for Greenland,10.5281/zenodo.16540224,https://zenodo.org/records/16540224,"Russell, T., Jaramillo, D., Nicholas, C., Thomas, F., Pant, R., & Hall, J. W. (2025). Infrastructure Climate Resilience Assessment Data Starter Kit for Greenland (0.2.1) [Data set]. Zenodo. https://doi.org/10.5281/zenodo.16540224"
10796723,Guatemala,Infrastructure Climate Resilience Assessment Data Starter Kit for Guatemala,10.5281/zenodo.10796723,https://zenodo.org/records/10796723,"Russell, T., Jaramillo, D., Nicholas, C., Thomas, F., Pant, R., & Hall, J. W. (2024). Infrastructure Climate Resilience Assessment Data Starter Kit for Guatemala (0.1.0) [Data set]. Zenodo. https://doi.org/10.5281/zenodo.10796723"
16539782,French Guiana,Infrastructure Climate Resilience Assessment Data Starter Kit for French Guiana,10.5281/zenodo.16539782,https://zenodo.org/records/16539782,"Russell, T., Jaramillo, D., Nicholas, C., Thomas, F., Pant, R., & Hall, J. W. (2025). Infrastructure Climate Resilience Assessment Data Starter Kit for French Guiana (0.2.1) [Data set]. Zenodo. https://doi.org/10.5281/zenodo.16539782"
16540184,Guam,Infrastructure Climate Resilience Assessment Data Starter Kit for Guam,10.5281/zenodo.16540184,https://zenodo.org/records/16540184,"Russell, T., Jaramillo, D., Nicholas, C., Thomas, F., Pant, R., & Hall, J. W. (2025). Infrastructure Climate Resilience Assessment Data Starter Kit for Guam (0.2.1) [Data set]. Zenodo. https://doi.org/10.5281/zenodo.16540184"
10410864,Guyana,Infrastructure Climate Resilience Assessment Data Starter Kit for Guyana,10.5281/zenodo.10410864,https://zenodo.org/records/10410864,"Russell, T., Jaramillo, D., Nicholas, C., Thomas, F., Pant, R., & Hall, J. W. (2023). Infrastructure Climate Resilience Assessment Data Starter Kit for Guyana (0.1.0) [Data set]. Zenodo. https://doi.org/10.5281/zenodo.10410864"
16539740,Honduras,Infrastructure Climate Resilience Assessment Data Starter Kit for Honduras,10.5281/zenodo.16539740,https://zenodo.org/records/16539740,"Russell, T., Jaramillo, D., Nicholas, C., Thomas, F., Pant, R., & Hall, J. W. (2025). Infrastructure Climate Resilience Assessment Data Starter Kit for Honduras (0.2.1) [Data set]. Zenodo. https://doi.org/10.5281/zenodo.16539740"
16539747,Croatia,Infrastructure Climate Resilience Assessment Data Starter Kit for Croatia,10.5281/zenodo.16539747,https://zenodo.org/records/16539747,"Russell, T., Jaramillo, D., Nicholas, C., Thomas, F., Pant, R., & Hall, J. W. (2025). Infrastructure Climate Resilience Assessment Data Starter Kit for Croatia (0.2.1) [Data set]. Zenodo. https://doi.org/10.5281/zenodo.16539747"
10796593,Haiti,Infrastructure Climate Resilience Assessment Data Starter Kit for Haiti,10.5281/zenodo.10796593,https://zenodo.org/records/10796593,"Russell, T., Jaramillo, D., Nicholas, C., Thomas, F., Pant, R., & Hall, J. W. (2024). Infrastructure Climate Resilience Assessment Data Starter Kit for Haiti (0.1.0) [Data set]. Zenodo. https://doi.org/10.5281/zenodo.10796593"
16540206,Hungary,Infrastructure Climate Resilience Assessment Data Starter Kit for Hungary,10.5281/zenodo.16540206,https://zenodo.org/records/16540206,"Russell, T., Jaramillo, D., Nicholas, C., Thomas, F., Pant, R., & Hall, J. W. (2025). Infrastructure Climate Resilience Assessment Data Starter Kit for Hungary (0.2.1) [Data set]. Zenodo. https://doi.org/10.5281/zenodo.16540206"
10796813,Indonesia,Infrastructure Climate Resilience Assessment Data Starter Kit for Indonesia,10.5281/zenodo.10796813,https://zenodo.org/records/10796813,"Russell, T., Jaramillo, D., Nicholas, C., Thomas, F., Pant, R., & Hall, J. W. (2024). Infrastructure Climate Resilience Assessment Data Starter Kit for Indonesia (0.1.0) [Data set]. Zenodo. https://doi.org/10.5281/zenodo.10796813"
16539794,Isle of Man,Infrastructure Climate Resilience Assessment Data Starter Kit for Isle of Man,10.5281/zenodo.16539794,https://zenodo.org/records/16539794,"Russell, T., Jaramillo, D., Nicholas, C., Thomas, F., Pant, R., & Hall, J. W. (2025). Infrastructure Climate Resilience Assessment Data Starter Kit for Isle of Man (0.2.1) [Data set]. Zenodo. https://doi.org/10.5281/zenodo.16539794"
16539773,India,Infrastructure Climate Resilience Assessment Data Starter Kit for India,10.5281/zenodo.16539773,https://zenodo.org/records/16539773,"Russell, T., Jaramillo, D., Nicholas, C., Thomas, F., Pant, R., & Hall, J. W. (2025). Infrastructure Climate Resilience Assessment Data Starter Kit for India (0.2.1) [Data set]. Zenodo. https://doi.org/10.5281/zenodo.16539773"
10796601,Chagos Archipelago,Infrastructure Climate Resilience Assessment Data Starter Kit for Chagos Archipelago,10.5281/zenodo.10796601,https://zenodo.org/records/10796601,"Russell, T., Jaramillo, D., Nicholas, C., Thomas, F., Pant, R., & Hall, J. W. (2024). Infrastructure Climate Resilience Assessment Data Starter Kit for Chagos Archipelago (0.1.0) [Data set]. Zenodo. https://doi.org/10.5281/zenodo.10796601"
16540094,Ireland,Infrastructure Climate Resilience Assessment Data Starter Kit for Ireland,10.5281/zenodo.16540094,https://zenodo.org/records/16540094,"Russell, T., Jaramillo, D., Nicholas, C., Thomas, F., Pant, R., & Hall, J. W. (2025). Infrastructure Climate Resilience Assessment Data Starter Kit for Ireland (0.2.1) [Data set]. Zenodo. https://doi.org/10.5281/zenodo.16540094"
16540166,Iran,Infrastructure Climate Resilience Assessment Data Starter Kit for Iran,10.5281/zenodo.16540166,https://zenodo.org/records/16540166,"Russell, T., Jaramillo, D., Nicholas, C., Thomas, F., Pant, R., & Hall, J. W. (2025). Infrastructure Climate Resilience Assessment Data Starter Kit for Iran (0.2.1) [Data set]. Zenodo. https://doi.org/10.5281/zenodo.16540166"
16540114,Iraq,Infrastructure Climate Resilience Assessment Data Starter Kit for Iraq,10.5281/zenodo.16540114,https://zenodo.org/records/16540114,"Russell, T., Jaramillo, D., Nicholas, C., Thomas, F., Pant, R., & Hall, J. W. (2025). Infrastructure Climate Resilience Assessment Data Starter Kit for Iraq (0.2.1) [Data set]. Zenodo. https://doi.org/10.5281/zenodo.16540114"
16539714,Iceland,Infrastructure Climate Resilience Assessment Data Starter Kit for Iceland,10.5281/zenodo.16539714,https://zenodo.org/records/16539714,"Russell, T., Jaramillo, D., Nicholas, C., Thomas, F., Pant, R., & Hall, J. W. (2025). Infrastructure Climate Resilience Assessment Data Starter Kit for Iceland (0.2.1) [Data set]. Zenodo. https://doi.org/10.5281/zenodo.16539714"
16540108,Israel,Infrastructure Climate Resilience Assessment Data Starter Kit for Israel,10.5281/zenodo.16540108,https://zenodo.org/records/16540108,"Russell, T., Jaramillo, D., Nicholas, C., Thomas, F., Pant, R., & Hall, J. W. (2025). Infrastructure Climate Resilience Assessment Data Starter Kit for Israel (0.2.1) [Data set]. Zenodo. https://doi.org/10.5281/zenodo.16540108"
16539724,Italy,Infrastructure Climate Resilience Assessment Data Starter Kit for Italy,10.5281/zenodo.16539724,https://zenodo.org/records/16539724,"Russell, T., Jaramillo, D., Nicholas, C., Thomas, F., Pant, R., & Hall, J. W. (2025). Infrastructure Climate Resilience Assessment Data Starter Kit for Italy (0.2.1) [Data set]. Zenodo. https://doi.org/10.5281/zenodo.16539724"
16539783,Jamaica,Infrastructure Climate Resilience Assessment Data Starter Kit for Jamaica,10.5281/zenodo.16539783,https://zenodo.org/records/16539783,"Russell, T., Jaramillo, D., Nicholas, C., Thomas, F., Pant, R., & Hall, J. W. (2025). Infrastructure Climate Resilience Assessment Data Starter Kit for Jamaica (0.2.1) [Data set]. Zenodo. https://doi.org/10.5281/zenodo.16539783"
16540015,Jordan,Infrastructure Climate Resilience Assessment Data Starter Kit for Jordan,10.5281/zenodo.16540015,https://zenodo.org/records/16540015,"Russell, T., Jaramillo, D., Nicholas, C., Thomas, F., Pant, R., & Hall, J. W. (2025). Infrastructure Climate Resilience Assessment Data Starter Kit for Jordan (0.2.1) [Data set]. Zenodo. https://doi.org/10.5281/zenodo.16540015"
16540045,Japan,Infrastructure Climate Resilience Assessment Data Starter Kit for Japan,10.5281/zenodo.16540045,https://zenodo.org/records/16540045,"Russell, T., Jaramillo, D., Nicholas, C., Thomas, F., Pant, R., & Hall, J. W. (2025). Infrastructure Climate Resilience Assessment Data Starter Kit for Japan (0.2.1) [Data set]. Zenodo. https://doi.org/10.5281/zenodo.16540045"
16540123,Kazakhstan,Infrastructure Climate Resilience Assessment Data Starter Kit for Kazakhstan,10.5281/zenodo.16540123,https://zenodo.org/records/16540123,"Russell, T., Jaramillo, D., Nicholas, C., Thomas, F., Pant, R., & Hall, J. W. (2025). Infrastructure Climate Resilience Assessment Data Starter Kit for Kazakhstan (0.2.1) [Data set]. Zenodo. https://doi.org/10.5281/zenodo.16540123"
14536865,Kenya,Infrastructure Climate Resilience Assessment Data Starter Kit for Kenya,10.5281/zenodo.14536865,https://zenodo.org/records/14536865,"Russell, T., Jaramillo, D., Nicholas, C., Thomas, F., Pant, R., & Hall, J. W. (2024). Infrastructure Climate Resilience Assessment Data Starter Kit for Kenya (0.2.0) [Data set]. Zenodo. https://doi.org/10.5281/zenodo.14536865"
16539703,Kyrgyzstan,Infrastructure Climate Resilience Assessment Data Starter Kit for Kyrgyzstan,10.5281/zenodo.16539703,https://zenodo.org/records/16539703,"Russell, T., Jaramillo, D., Nicholas, C., Thomas, F., Pant, R., & Hall, J. W. (2025). Infrastructure Climate Resilience Assessment Data Starter Kit for Kyrgyzstan (0.2.1) [Data set]. Zenodo. https://doi.org/10.5281/zenodo.16539703"
10796795,Cambodia,Infrastructure Climate Resilience Assessment Data Starter Kit for Cambodia,10.5281/zenodo.10796795,https://zenodo.org/records/10796795,"Russell, T., Jaramillo, D., Nicholas, C., Thomas, F., Pant, R., & Hall, J. W. (2024). Infrastructure Climate Resilience Assessment Data Starter Kit for Cambodia (0.1.0) [Data set]. Zenodo. https://doi.org/10.5281/zenodo.10796795"
16540229,Saint Kitts and Nevis,Infrastructure Climate Resilience Assessment Data Starter Kit for Saint Kitts and Nevis,10.5281/zenodo.16540229,https://zenodo.org/records/16540229,"Russell, T., Jaramillo, D., Nicholas, C., Thomas, F., Pant, R., & Hall, J. W. (2025). Infrastructure Climate Resilience Assessment Data Starter Kit for Saint Kitts and Nevis (0.2.1) [Data set]. Zenodo. https://doi.org/10.5281/zenodo.16540229"
10796591,South Korea,Infrastructure Climate Resilience Assessment Data Starter Kit for South Korea,10.5281/zenodo.10796591,https://zenodo.org/records/10796591,"Russell, T., Jaramillo, D., Nicholas, C., Thomas, F., Pant, R., & Hall, J. W. (2024). Infrastructure Climate Resilience Assessment Data Starter Kit for South Korea (0.1.0) [Data set]. Zenodo. https://doi.org/10.5281/zenodo.10796591"
16540055,Kiribati (East),Infrastructure Climate Resilience Assessment Data Starter Kit for Kiribati (East),10.5281/zenodo.16540055,https://zenodo.org/records/16540055,"Russell, T., Jaramillo, D., Nicholas, C., Thomas, F., Pant, R., & Hall, J. W. (2025). Infrastructure Climate Resilience Assessment Data Starter Kit for Kiribati (East) (0.2.1) [Data set]. Zenodo. https://doi.org/10.5281/zenodo.16540055"
16540144,Kiribati (West),Infrastructure Climate Resilience Assessment Data Starter Kit for Kiribati (West),10.5281/zenodo.16540144,https://zenodo.org/records/16540144,"Russell, T., Jaramillo, D., Nicholas, C., Thomas, F., Pant, R., & Hall, J. W. (2025). Infrastructure Climate Resilience Assessment Data Starter Kit for Kiribati (West) (0.2.1) [Data set]. Zenodo. https://doi.org/10.5281/zenodo.16540144"
16539776,Kuwait,Infrastructure Climate Resilience Assessment Data Starter Kit for Kuwait,10.5281/zenodo.16539776,https://zenodo.org/records/16539776,"Russell, T., Jaramillo, D., Nicholas, C., Thomas, F., Pant, R., & Hall, J. W. (2025). Infrastructure Climate Resilience Assessment Data Starter Kit for Kuwait (0.2.1) [Data set]. Zenodo. https://doi.org/10.5281/zenodo.16539776"
16540232,Laos,Infrastructure Climate Resilience Assessment Data Starter Kit for Laos,10.5281/zenodo.16540232,https://zenodo.org/records/16540232,"Russell, T., Jaramillo, D., Nicholas, C., Thomas, F., Pant, R., & Hall, J. W. (2025). Infrastructure Climate Resilience Assessment Data Starter Kit for Laos (0.2.1) [Data set]. Zenodo. https://doi.org/10.5281/zenodo.16540232"
16540034,Lebanon,Infrastructure Climate Resilience Assessment Data Starter Kit for Lebanon,10.5281/zenodo.16540034,https://zenodo.org/records/16540034,"Russell, T., Jaramillo, D., Nicholas, C., Thomas, F., Pant, R., & Hall, J. W. (2025). Infrastructure Climate Resilience Assessment Data Starter Kit for Lebanon (0.2.1) [Data set]. Zenodo. https://doi.org/10.5281/zenodo.16540034"
16540179,Liberia,Infrastructure Climate Resilience Assessment Data Starter Kit for Liberia,10.5281/zenodo.16540179,https://zenodo.org/records/16540179,"Russell, T., Jaramillo, D., Nicholas, C., Thomas, F., Pant, R., & Hall, J. W. (2025). Infrastructure Climate Resilience Assessment Data Starter Kit for Liberia (0.2.1) [Data set]. Zenodo. https://doi.org/10.5281/zenodo.16540179"
16540030,Libya,Infrastructure Climate Resilience Assessment Data Starter Kit for Libya,10.5281/zenodo.16540030,https://zenodo.org/records/16540030,"Russell, T., Jaramillo, D., Nicholas, C., Thomas, F., Pant, R., & Hall, J. W. (2025). Infrastructure Climate Resilience Assessment Data Starter Kit for Libya (0.2.1) [Data set]. Zenodo. https://doi.org/10.5281/zenodo.16540030"
10796775,Saint Lucia,Infrastructure Climate Resilience Assessment Data Starter Kit for Saint Lucia,10.5281/zenodo.10796775,https://zenodo.org/records/10796775,"Russell, T., Jaramillo, D., Nicholas, C., Thomas, F., Pant, R., & Hall, J. W. (2024). Infrastructure Climate Resilience Assessment Data Starter Kit for Saint Lucia (0.1.0) [Data set]. Zenodo. https://doi.org/10.5281/zenodo.10796775"
16540216,Liechtenstein,Infrastructure Climate Resilience Assessment Data Starter Kit for Liechtenstein,10.5281/zenodo.16540216,https://zenodo.org/records/16540216,"Russell, T., Jaramillo, D., Nicholas, C., Thomas, F., Pant, R., & Hall, J. W. (2025). Infrastructure Climate Resilience Assessment Data Starter Kit for Liechtenstein (0.2.1) [Data set]. Zenodo. https://doi.org/10.5281/zenodo.16540216"
16540042,Sri Lanka,Infrastructure Climate Resilience Assessment Data Starter Kit for Sri Lanka,10.5281/zenodo.16540042,https://zenodo.org/records/16540042,"Russell, T., Jaramillo, D., Nicholas, C., Thomas, F., Pant, R., & Hall, J. W. (2025). Infrastructure Climate Resilience Assessment Data Starter Kit for Sri Lanka (0.2.1) [Data set]. Zenodo. https://doi.org/10.5281/zenodo.16540042"
10410808,Lesotho,Infrastructure Climate Resilience Assessment Data Starter Kit for Lesotho,10.5281/zenodo.10410808,https://zenodo.org/records/10410808,"Russell, T., Jaramillo, D., Nicholas, C., Thomas, F., Pant, R., & Hall, J. W. (2023). Infrastructure Climate Resilience Assessment Data Starter Kit for Lesotho (0.1.0) [Data set]. Zenodo. https://doi.org/10.5281/zenodo.10410808"
16540032,Lithuania,Infrastructure Climate Resilience Assessment Data Starter Kit for Lithuania,10.5281/zenodo.16540032,https://zenodo.org/records/16540032,"Russell, T., Jaramillo, D., Nicholas, C., Thomas, F., Pant, R., & Hall, J. W. (2025). Infrastructure Climate Resilience Assessment Data Starter Kit for Lithuania (0.2.1) [Data set]. Zenodo. https://doi.org/10.5281/zenodo.16540032"
16539720,Luxembourg,Infrastructure Climate Resilience Assessment Data Starter Kit for Luxembourg,10.5281/zenodo.16539720,https://zenodo.org/records/16539720,"Russell, T., Jaramillo, D., Nicholas, C., Thomas, F., Pant, R., & Hall, J. W. (2025). Infrastructure Climate Resilience Assessment Data Starter Kit for Luxembourg (0.2.1) [Data set]. Zenodo. https://doi.org/10.5281/zenodo.16539720"
16540054,Latvia,Infrastructure Climate Resilience Assessment Data Starter Kit for Latvia,10.5281/zenodo.16540054,https://zenodo.org/records/16540054,"Russell, T., Jaramillo, D., Nicholas, C., Thomas, F., Pant, R., & Hall, J. W. (2025). Infrastructure Climate Resilience Assessment Data Starter Kit for Latvia (0.2.1) [Data set]. Zenodo. https://doi.org/10.5281/zenodo.16540054"
10796799,Saint Martin,Infrastructure Climate Resilience Assessment Data Starter Kit for Saint Martin,10.5281/zenodo.10796799,https://zenodo.org/records/10796799,"Russell, T., Jaramillo, D., Nicholas, C., Thomas, F., Pant, R., & Hall, J. W. (2024). Infrastructure Climate Resilience Assessment Data Starter Kit for Saint Martin (0.1.0) [Data set]. Zenodo. https://doi.org/10.5281/zenodo.10796799"
10410842,Morocco,Infrastructure Climate Resilience Assessment Data Starter Kit for Morocco,10.5281/zenodo.10410842,https://zenodo.org/records/10410842,"Russell, T., Jaramillo, D., Nicholas, C., Thomas, F., Pant, R., & Hall, J. W. (2023). Infrastructure Climate Resilience Assessment Data Starter Kit for Morocco (0.1.0) [Data set]. Zenodo. https://doi.org/10.5281/zenodo.10410842"
16540161,Monaco,Infrastructure Climate Resilience Assessment Data Starter Kit for Monaco,10.5281/zenodo.16540161,https://zenodo.org/records/16540161,"Russell, T., Jaramillo, D., Nicholas, C., Thomas, F., Pant, R., & Hall, J. W. (2025). Infrastructure Climate Resilience Assessment Data Starter Kit for Monaco (0.2.1) [Data set]. Zenodo. https://doi.org/10.5281/zenodo.16540161"
16540044,Moldova,Infrastructure Climate Resilience Assessment Data Starter Kit for Moldova,10.5281/zenodo.16540044,https://zenodo.org/records/16540044,"Russell, T., Jaramillo, D., Nicholas, C., Thomas, F., Pant, R., & Hall, J. W. (2025). Infrastructure Climate Resilience Assessment Data Starter Kit for Moldova (0.2.1) [Data set]. Zenodo. https://doi.org/10.5281/zenodo.16540044"
16540102,Madagascar,Infrastructure Climate Resilience Assessment Data Starter Kit for Madagascar,10.5281/zenodo.16540102,https://zenodo.org/records/16540102,"Russell, T., Jaramillo, D., Nicholas, C., Thomas, F., Pant, R., & Hall, J. W. (2025). Infrastructure Climate Resilience Assessment Data Starter Kit for Madagascar (0.2.1) [Data set]. Zenodo. https://doi.org/10.5281/zenodo.16540102"
16539739,Maldives,Infrastructure Climate Resilience Assessment Data Starter Kit for Maldives,10.5281/zenodo.16539739,https://zenodo.org/records/16539739,"Russell, T., Jaramillo, D., Nicholas, C., Thomas, F., Pant, R., & Hall, J. W. (2025). Infrastructure Climate Resilience Assessment Data Starter Kit for Maldives (0.2.1) [Data set]. Zenodo. https://doi.org/10.5281/zenodo.16539739"
16540199,Mexico,Infrastructure Climate Resilience Assessment Data Starter Kit for Mexico,10.5281/zenodo.16540199,https://zenodo.org/records/16540199,"Russell, T., Jaramillo, D., Nicholas, C., Thomas, F., Pant, R., & Hall, J. W. (2025). Infrastructure Climate Resilience Assessment Data Starter Kit for Mexico (0.2.1) [Data set]. Zenodo. https://doi.org/10.5281/zenodo.16540199"
16540057,Marshall Islands,Infrastructure Climate Resilience Assessment Data Starter Kit for Marshall Islands,10.5281/zenodo.16540057,https://zenodo.org/records/16540057,"Russell, T., Jaramillo, D., Nicholas, C., Thomas, F., Pant, R., & Hall, J. W. (2025). Infrastructure Climate Resilience Assessment Data Starter Kit for Marshall Islands (0.2.1) [Data set]. Zenodo. https://doi.org/10.5281/zenodo.16540057"
16539716,North Macedonia,Infrastructure Climate Resilience Assessment Data Starter Kit for North Macedonia,10.5281/zenodo.16539716,https://zenodo.org/records/16539716,"Russell, T., Jaramillo, D., Nicholas, C., Thomas, F., Pant, R., & Hall, J. W. (2025). Infrastructure Climate Resilience Assessment Data Starter Kit for North Macedonia (0.2.1) [Data set]. Zenodo. https://doi.org/10.5281/zenodo.16539716"
10410868,Mali,Infrastructure Climate Resilience Assessment Data Starter Kit for Mali,10.5281/zenodo.10410868,https://zenodo.org/records/10410868,"Russell, T., Jaramillo, D., Nicholas, C., Thomas, F., Pant, R., & Hall, J. W. (2023). Infrastructure Climate Resilience Assessment Data Starter Kit for Mali (0.1.0) [Data set]. Zenodo. https://doi.org/10.5281/zenodo.10410868"
16540056,Malta,Infrastructure Climate Resilience Assessment Data Starter Kit for Malta,10.5281/zenodo.16540056,https://zenodo.org/records/16540056,"Russell, T., Jaramillo, D., Nicholas, C., Thomas, F., Pant, R., & Hall, J. W. (2025). Infrastructure Climate Resilience Assessment Data Starter Kit for Malta (0.2.1) [Data set]. Zenodo. https://doi.org/10.5281/zenodo.16540056"
16540127,Myanmar,Infrastructure Climate Resilience Assessment Data Starter Kit for Myanmar,10.5281/zenodo.16540127,https://zenodo.org/records/16540127,"Russell, T., Jaramillo, D., Nicholas, C., Thomas, F., Pant, R., & Hall, J. W. (2025). Infrastructure Climate Resilience Assessment Data Starter Kit for Myanmar (0.2.1) [Data set]. Zenodo. https://doi.org/10.5281/zenodo.16540127"
16539709,Montenegro,Infrastructure Climate Resilience Assessment Data Starter Kit for Montenegro,10.5281/zenodo.16539709,https://zenodo.org/records/16539709,"Russell, T., Jaramillo, D., Nicholas, C., Thomas, F., Pant, R., & Hall, J. W. (2025). Infrastructure Climate Resilience Assessment Data Starter Kit for Montenegro (0.2.1) [Data set]. Zenodo. https://doi.org/10.5281/zenodo.16539709"
16540019,Mongolia,Infrastructure Climate Resilience Assessment Data Starter Kit for Mongolia,10.5281/zenodo.16540019,https://zenodo.org/records/16540019,"Russell, T., Jaramillo, D., Nicholas, C., Thomas, F., Pant, R., & Hall, J. W. (2025). Infrastructure Climate Resilience Assessment Data Starter Kit for Mongolia (0.2.1) [Data set]. Zenodo. https://doi.org/10.5281/zenodo.16540019"
10796564,Northern Mariana Islands,Infrastructure Climate Resilience Assessment Data Starter Kit for Northern Mariana Islands,10.5281/zenodo.10796564,https://zenodo.org/records/10796564,"Russell, T., Jaramillo, D., Nicholas, C., Thomas, F., Pant, R., & Hall, J. W. (2024). Infrastructure Climate Resilience Assessment Data Starter Kit for Northern Mariana Islands (0.1.0) [Data set]. Zenodo. https://doi.org/10.5281/zenodo.10796564"
16539784,Mozambique,Infrastructure Climate Resilience Assessment Data Starter Kit for Mozambique,10.5281/zenodo.16539784,https://zenodo.org/records/16539784,"Russell, T., Jaramillo, D., Nicholas, C., Thomas, F., Pant, R., & Hall, J. W. (2025). Infrastructure Climate Resilience Assessment Data Starter Kit for Mozambique (0.2.1) [Data set]. Zenodo. https://doi.org/10.5281/zenodo.16539784"
16540101,Mauritania,Infrastructure Climate Resilience Assessment Data Starter Kit for Mauritania,10.5281/zenodo.16540101,https://zenodo.org/records/16540101,"Russell, T., Jaramillo, D., Nicholas, C., Thomas, F., Pant, R., & Hall, J. W. (2025). Infrastructure Climate Resilience Assessment Data Starter Kit for Mauritania (0.2.1) [Data set]. Zenodo. https://doi.org/10.5281/zenodo.16540101"
10796621,Montserrat,Infrastructure Climate Resilience Assessment Data Starter Kit for Montserrat,10.5281/zenodo.10796621,https://zenodo.org/records/10796621,"Russell, T., Jaramillo, D., Nicholas, C., Thomas, F., Pant, R., & Hall, J. W. (2024). Infrastructure Climate Resilience Assessment Data Starter Kit for Montserrat (0.1.0) [Data set]. Zenodo. https://doi.org/10.5281/zenodo.10796621"
16540169,Martinique,Infrastructure Climate Resilience Assessment Data Starter Kit for Martinique,10.5281/zenodo.16540169,https://zenodo.org/records/16540169,"Russell, T., Jaramillo, D., Nicholas, C., Thomas, F., Pant, R., & Hall, J. W. (2025). Infrastructure Climate Resilience Assessment Data Starter Kit for Martinique (0.2.1) [Data set]. Zenodo. https://doi.org/10.5281/zenodo.16540169"
10796631,Mauritius,Infrastructure Climate Resilience Assessment Data Starter Kit for Mauritius,10.5281/zenodo.10796631,https://zenodo.org/records/10796631,"Russell, T., Jaramillo, D., Nicholas, C., Thomas, F., Pant, R., & Hall, J. W. (2024). Infrastructure Climate Resilience Assessment Data Starter Kit for Mauritius (0.1.0) [Data set]. Zenodo. https://doi.org/10.5281/zenodo.10796631"
16540190,Malawi,Infrastructure Climate Resilience Assessment Data Starter Kit for Malawi,10.5281/zenodo.16540190,https://zenodo.org/records/16540190,"Russell, T., Jaramillo, D., Nicholas, C., Thomas, F., Pant, R., & Hall, J. W. (2025). Infrastructure Climate Resilience Assessment Data Starter Kit for Malawi (0.2.1) [Data set]. Zenodo. https://doi.org/10.5281/zenodo.16540190"
16540202,Malaysia,Infrastructure Climate Resilience Assessment Data Starter Kit for Malaysia,10.5281/zenodo.16540202,https://zenodo.org/records/16540202,"Russell, T., Jaramillo, D., Nicholas, C., Thomas, F., Pant, R., & Hall, J. W. (2025). Infrastructure Climate Resilience Assessment Data Starter Kit for Malaysia (0.2.1) [Data set]. Zenodo. https://doi.org/10.5281/zenodo.16540202"
16540203,Mayotte,Infrastructure Climate Resilience Assessment Data Starter Kit for Mayotte,10.5281/zenodo.16540203,https://zenodo.org/records/16540203,"Russell, T., Jaramillo, D., Nicholas, C., Thomas, F., Pant, R., & Hall, J. W. (2025). Infrastructure Climate Resilience Assessment Data Starter Kit for Mayotte (0.2.1) [Data set]. Zenodo. https://doi.org/10.5281/zenodo.16540203"
16539115,Namibia,Infrastructure Climate Resilience Assessment Data Starter Kit for Namibia,10.5281/zenodo.16539115,https://zenodo.org/records/16539115,"Russell, T., Jaramillo, D., Nicholas, C., Thomas, F., Pant, R., & Hall, J. W. (2025). Infrastructure Climate Resilience Assessment Data Starter Kit for Namibia (0.2.1) [Data set]. Zenodo. https://doi.org/10.5281/zenodo.16539115"
10796607,New Caledonia,Infrastructure Climate Resilience Assessment Data Starter Kit for New Caledonia,10.5281/zenodo.10796607,https://zenodo.org/records/10796607,"Russell, T., Jaramillo, D., Nicholas, C., Thomas, F., Pant, R., & Hall, J. W. (2024). Infrastructure Climate Resilience Assessment Data Starter Kit for New Caledonia (0.1.0) [Data set]. Zenodo. https://doi.org/10.5281/zenodo.10796607"
16540164,Niger,Infrastructure Climate Resilience Assessment Data Starter Kit for Niger,10.5281/zenodo.16540164,https://zenodo.org/records/16540164,"Russell, T., Jaramillo, D., Nicholas, C., Thomas, F., Pant, R., & Hall, J. W. (2025). Infrastructure Climate Resilience Assessment Data Starter Kit for Niger (0.2.1) [Data set]. Zenodo. https://doi.org/10.5281/zenodo.16540164"
15271219,Nigeria,Infrastructure Climate Resilience Assessment Data Starter Kit for Nigeria,10.5281/zenodo.15271219,https://zenodo.org/records/15271219,"Russell, T., Jaramillo, D., Nicholas, C., Thomas, F., Pant, R., & Hall, J. W. (2025). Infrastructure Climate Resilience Assessment Data Starter Kit for Nigeria (0.2.0) [Data set]. Zenodo. https://doi.org/10.5281/zenodo.15271219"
10796588,Nicaragua,Infrastructure Climate Resilience Assessment Data Starter Kit for Nicaragua,10.5281/zenodo.10796588,https://zenodo.org/records/10796588,"Russell, T., Jaramillo, D., Nicholas, C., Thomas, F., Pant, R., & Hall, J. W. (2024). Infrastructure Climate Resilience Assessment Data Starter Kit for Nicaragua (0.1.0) [Data set]. Zenodo. https://doi.org/10.5281/zenodo.10796588"
16540146,Niue,Infrastructure Climate Resilience Assessment Data Starter Kit for Niue,10.5281/zenodo.16540146,https://zenodo.org/records/16540146,"Russell, T., Jaramillo, D., Nicholas, C., Thomas, F., Pant, R., & Hall, J. W. (2025). Infrastructure Climate Resilience Assessment Data Starter Kit for Niue (0.2.1) [Data set]. Zenodo. https://doi.org/10.5281/zenodo.16540146"
16539771,Netherlands,Infrastructure Climate Resilience Assessment Data Starter Kit for Netherlands,10.5281/zenodo.16539771,https://zenodo.org/records/16539771,"Russell, T., Jaramillo, D., Nicholas, C., Thomas, F., Pant, R., & Hall, J. W. (2025). Infrastructure Climate Resilience Assessment Data Starter Kit for Netherlands (0.2.1) [Data set]. Zenodo. https://doi.org/10.5281/zenodo.16539771"
16539762,Norway,Infrastructure Climate Resilience Assessment Data Starter Kit for Norway,10.5281/zenodo.16539762,https://zenodo.org/records/16539762,"Russell, T., Jaramillo, D., Nicholas, C., Thomas, F., Pant, R., & Hall, J. W. (2025). Infrastructure Climate Resilience Assessment Data Starter Kit for Norway (0.2.1) [Data set]. Zenodo. https://doi.org/10.5281/zenodo.16539762"
10796765,Nepal,Infrastructure Climate Resilience Assessment Data Starter Kit for Nepal,10.5281/zenodo.10796765,https://zenodo.org/records/10796765,"Russell, T., Jaramillo, D., Nicholas, C., Thomas, F., Pant, R., & Hall, J. W. (2024). Infrastructure Climate Resilience Assessment Data Starter Kit for Nepal (0.1.0) [Data set]. Zenodo. https://doi.org/10.5281/zenodo.10796765"
16540208,Nauru,Infrastructure Climate Resilience Assessment Data Starter Kit for Nauru,10.5281/zenodo.16540208,https://zenodo.org/records/16540208,"Russell, T., Jaramillo, D., Nicholas, C., Thomas, F., Pant, R., & Hall, J. W. (2025). Infrastructure Climate Resilience Assessment Data Starter Kit for Nauru (0.2.1) [Data set]. Zenodo. https://doi.org/10.5281/zenodo.16540208"
16539751,Svalbard,Infrastructure Climate Resilience Assessment Data Starter Kit for Svalbard,10.5281/zenodo.16539751,https://zenodo.org/records/16539751,"Russell, T., Jaramillo, D., Nicholas, C., Thomas, F., Pant, R., & Hall, J. W. (2025). Infrastructure Climate Resilience Assessment Data Starter Kit for Svalbard (0.2.1) [Data set]. Zenodo. https://doi.org/10.5281/zenodo.16539751"
16539767,New Zealand,Infrastructure Climate Resilience Assessment Data Starter Kit for New Zealand,10.5281/zenodo.16539767,https://zenodo.org/records/16539767,"Russell, T., Jaramillo, D., Nicholas, C., Thomas, F., Pant, R., & Hall, J. W. (2025). Infrastructure Climate Resilience Assessment Data Starter Kit for New Zealand (0.2.1) [Data set]. Zenodo. https://doi.org/10.5281/zenodo.16539767"
16539779,New Zealand (Islands),Infrastructure Climate Resilience Assessment Data Starter Kit for New Zealand (Islands),10.5281/zenodo.16539779,https://zenodo.org/records/16539779,"Russell, T., Jaramillo, D., Nicholas, C., Thomas, F., Pant, R., & Hall, J. W. (2025). Infrastructure Climate Resilience Assessment Data Starter Kit for New Zealand (Islands) (0.2.1) [Data set]. Zenodo. https://doi.org/10.5281/zenodo.16539779"
16540143,Oman,Infrastructure Climate Resilience Assessment Data Starter Kit for Oman,10.5281/zenodo.16540143,https://zenodo.org/records/16540143,"Russell, T., Jaramillo, D., Nicholas, C., Thomas, F., Pant, R., & Hall, J. W. (2025). Infrastructure Climate Resilience Assessment Data Starter Kit for Oman (0.2.1) [Data set]. Zenodo. https://doi.org/10.5281/zenodo.16540143"
16540139,Pakistan,Infrastructure Climate Resilience Assessment Data Starter Kit for Pakistan,10.5281/zenodo.16540139,https://zenodo.org/records/16540139,"Russell, T., Jaramillo, D., Nicholas, C., Thomas, F., Pant, R., & Hall, J. W. (2025). Infrastructure Climate Resilience Assessment Data Starter Kit for Pakistan (0.2.1) [Data set]. Zenodo. https://doi.org/10.5281/zenodo.16540139"
16540168,Panama,Infrastructure Climate Resilience Assessment Data Starter Kit for Panama,10.5281/zenodo.16540168,https://zenodo.org/records/16540168,"Russell, T., Jaramillo, D., Nicholas, C., Thomas, F., Pant, R., & Hall, J. W. (2025). Infrastructure Climate Resilience Assessment Data Starter Kit for Panama (0.2.1) [Data set]. Zenodo. https://doi.org/10.5281/zenodo.16540168"
16540024,Azores,Infrastructure Climate Resilience Assessment Data Starter Kit for Azores,10.5281/zenodo.16540024,https://zenodo.org/records/16540024,"Russell, T., Jaramillo, D., Nicholas, C., Thomas, F., Pant, R., & Hall, J. W. (2025). Infrastructure Climate Resilience Assessment Data Starter Kit for Azores (0.2.1) [Data set]. Zenodo. https://doi.org/10.5281/zenodo.16540024"
10796697,Pitcairn Islands,Infrastructure Climate Resilience Assessment Data Starter Kit for Pitcairn Islands,10.5281/zenodo.10796697,https://zenodo.org/records/10796697,"Russell, T., Jaramillo, D., Nicholas, C., Thomas, F., Pant, R., & Hall, J. W. (2024). Infrastructure Climate Resilience Assessment Data Starter Kit for Pitcairn Islands (0.1.0) [Data set]. Zenodo. https://doi.org/10.5281/zenodo.10796697"
10410892,Peru,Infrastructure Climate Resilience Assessment Data Starter Kit for Peru,10.5281/zenodo.10410892,https://zenodo.org/records/10410892,"Russell, T., Jaramillo, D., Nicholas, C., Thomas, F., Pant, R., & Hall, J. W. (2023). Infrastructure Climate Resilience Assessment Data Starter Kit for Peru (0.1.0) [Data set]. Zenodo. https://doi.org/10.5281/zenodo.10410892"
10796609,Spratly Islands,Infrastructure Climate Resilience Assessment Data Starter Kit for Spratly Islands,10.5281/zenodo.10796609,https://zenodo.org/records/10796609,"Russell, T., Jaramillo, D., Nicholas, C., Thomas, F., Pant, R., & Hall, J. W. (2024). Infrastructure Climate Resilience Assessment Data Starter Kit for Spratly Islands (0.1.0) [Data set]. Zenodo. https://doi.org/10.5281/zenodo.10796609"
10796755,Philippines,Infrastructure Climate Resilience Assessment Data Starter Kit for Philippines,10.5281/zenodo.10796755,https://zenodo.org/records/10796755,"Russell, T., Jaramillo, D., Nicholas, C., Thomas, F., Pant, R., & Hall, J. W. (2024). Infrastructure Climate Resilience Assessment Data Starter Kit for Philippines (0.1.0) [Data set]. Zenodo. https://doi.org/10.5281/zenodo.10796755"
16540050,Palau,Infrastructure Climate Resilience Assessment Data Starter Kit for Palau,10.5281/zenodo.16540050,https://zenodo.org/records/16540050,"Russell, T., Jaramillo, D., Nicholas, C., Thomas, F., Pant, R., & Hall, J. W. (2025). Infrastructure Climate Resilience Assessment Data Starter Kit for Palau (0.2.1) [Data set]. Zenodo. https://doi.org/10.5281/zenodo.16540050"
16540115,Madeira,Infrastructure Climate Resilience Assessment Data Starter Kit for Madeira,10.5281/zenodo.16540115,https://zenodo.org/records/16540115,"Russell, T., Jaramillo, D., Nicholas, C., Thomas, F., Pant, R., & Hall, J. W. (2025). Infrastructure Climate Resilience Assessment Data Starter Kit for Madeira (0.2.1) [Data set]. Zenodo. https://doi.org/10.5281/zenodo.16540115"
16539741,Papua New Guinea,Infrastructure Climate Resilience Assessment Data Starter Kit for Papua New Guinea,10.5281/zenodo.16539741,https://zenodo.org/records/16539741,"Russell, T., Jaramillo, D., Nicholas, C., Thomas, F., Pant, R., & Hall, J. W. (2025). Infrastructure Climate Resilience Assessment Data Starter Kit for Papua New Guinea (0.2.1) [Data set]. Zenodo. https://doi.org/10.5281/zenodo.16539741"
16539732,Poland,Infrastructure Climate Resilience Assessment Data Starter Kit for Poland,10.5281/zenodo.16539732,https://zenodo.org/records/16539732,"Russell, T., Jaramillo, D., Nicholas, C., Thomas, F., Pant, R., & Hall, J. W. (2025). Infrastructure Climate Resilience Assessment Data Starter Kit for Poland (0.2.1) [Data set]. Zenodo. https://doi.org/10.5281/zenodo.16539732"
10796817,Puerto Rico,Infrastructure Climate Resilience Assessment Data Starter Kit for Puerto Rico,10.5281/zenodo.10796817,https://zenodo.org/records/10796817,"Russell, T., Jaramillo, D., Nicholas, C., Thomas, F., Pant, R., & Hall, J. W. (2024). Infrastructure Climate Resilience Assessment Data Starter Kit for Puerto Rico (0.1.0) [Data set]. Zenodo. https://doi.org/10.5281/zenodo.10796817"
16539718,North Korea,Infrastructure Climate Resilience Assessment Data Starter Kit for North Korea,10.5281/zenodo.16539718,https://zenodo.org/records/16539718,"Russell, T., Jaramillo, D., Nicholas, C., Thomas, F., Pant, R., & Hall, J. W. (2025). Infrastructure Climate Resilience Assessment Data Starter Kit for North Korea (0.2.1) [Data set]. Zenodo. https://doi.org/10.5281/zenodo.16539718"
16539726,Portugal,Infrastructure Climate Resilience Assessment Data Starter Kit for Portugal,10.5281/zenodo.16539726,https://zenodo.org/records/16539726,"Russell, T., Jaramillo, D., Nicholas, C., Thomas, F., Pant, R., & Hall, J. W. (2025). Infrastructure Climate Resilience Assessment Data Starter Kit for Portugal (0.2.1) [Data set]. Zenodo. https://doi.org/10.5281/zenodo.16539726"
10410878,Paraguay,Infrastructure Climate Resilience Assessment Data Starter Kit for Paraguay,10.5281/zenodo.10410878,https://zenodo.org/records/10410878,"Russell, T., Jaramillo, D., Nicholas, C., Thomas, F., Pant, R., & Hall, J. W. (2023). Infrastructure Climate Resilience Assessment Data Starter Kit for Paraguay (0.1.0) [Data set]. Zenodo. https://doi.org/10.5281/zenodo.10410878"
16540131,Palestine,Infrastructure Climate Resilience Assessment Data Starter Kit for Palestine,10.5281/zenodo.16540131,https://zenodo.org/records/16540131,"Russell, T., Jaramillo, D., Nicholas, C., Thomas, F., Pant, R., & Hall, J. W. (2025). Infrastructure Climate Resilience Assessment Data Starter Kit for Palestine (0.2.1) [Data set]. Zenodo. https://doi.org/10.5281/zenodo.16540131"
16539788,French Polynesia,Infrastructure Climate Resilience Assessment Data Starter Kit for French Polynesia,10.5281/zenodo.16539788,https://zenodo.org/records/16539788,"Russell, T., Jaramillo, D., Nicholas, C., Thomas, F., Pant, R., & Hall, J. W. (2025). Infrastructure Climate Resilience Assessment Data Starter Kit for French Polynesia (0.2.1) [Data set]. Zenodo. https://doi.org/10.5281/zenodo.16539788"
16540112,Qatar,Infrastructure Climate Resilience Assessment Data Starter Kit for Qatar,10.5281/zenodo.16540112,https://zenodo.org/records/16540112,"Russell, T., Jaramillo, D., Nicholas, C., Thomas, F., Pant, R., & Hall, J. W. (2025). Infrastructure Climate Resilience Assessment Data Starter Kit for Qatar (0.2.1) [Data set]. Zenodo. https://doi.org/10.5281/zenodo.16540112"
10796733,Reunion,Infrastructure Climate Resilience Assessment Data Starter Kit for Reunion,10.5281/zenodo.10796733,https://zenodo.org/records/10796733,"Russell, T., Jaramillo, D., Nicholas, C., Thomas, F., Pant, R., & Hall, J. W. (2024). Infrastructure Climate Resilience Assessment Data Starter Kit for Reunion (0.1.0) [Data set]. Zenodo. https://doi.org/10.5281/zenodo.10796733"
16540125,Romania,Infrastructure Climate Resilience Assessment Data Starter Kit for Romania,10.5281/zenodo.16540125,https://zenodo.org/records/16540125,"Russell, T., Jaramillo, D., Nicholas, C., Thomas, F., Pant, R., & Hall, J. W. (2025). Infrastructure Climate Resilience Assessment Data Starter Kit for Romania (0.2.1) [Data set]. Zenodo. https://doi.org/10.5281/zenodo.16540125"
16540097,Rwanda,Infrastructure Climate Resilience Assessment Data Starter Kit for Rwanda,10.5281/zenodo.16540097,https://zenodo.org/records/16540097,"Russell, T., Jaramillo, D., Nicholas, C., Thomas, F., Pant, R., & Hall, J. W. (2025). Infrastructure Climate Resilience Assessment Data Starter Kit for Rwanda (0.2.1) [Data set]. Zenodo. https://doi.org/10.5281/zenodo.16540097"
10410838,Western Sahara,Infrastructure Climate Resilience Assessment Data Starter Kit for Western Sahara,10.5281/zenodo.10410838,https://zenodo.org/records/10410838,"Russell, T., Jaramillo, D., Nicholas, C., Thomas, F., Pant, R., & Hall, J. W. (2023). Infrastructure Climate Resilience Assessment Data Starter Kit for Western Sahara (0.1.0) [Data set]. Zenodo. https://doi.org/10.5281/zenodo.10410838"
16539722,Saudi Arabia,Infrastructure Climate Resilience Assessment Data Starter Kit for Saudi Arabia,10.5281/zenodo.16539722,https://zenodo.org/records/16539722,"Russell, T., Jaramillo, D., Nicholas, C., Thomas, F., Pant, R., & Hall, J. W. (2025). Infrastructure Climate Resilience Assessment Data Starter Kit for Saudi Arabia (0.2.1) [Data set]. Zenodo. https://doi.org/10.5281/zenodo.16539722"
16540174,Sudan,Infrastructure Climate Resilience Assessment Data Starter Kit for Sudan,10.5281/zenodo.16540174,https://zenodo.org/records/16540174,"Russell, T., Jaramillo, D., Nicholas, C., Thomas, F., Pant, R., & Hall, J. W. (2025). Infrastructure Climate Resilience Assessment Data Starter Kit for Sudan (0.2.1) [Data set]. Zenodo. https://doi.org/10.5281/zenodo.16540174"
10410922,South Sudan,Infrastructure Climate Resilience Assessment Data Starter Kit for South Sudan,10.5281/zenodo.10410922,https://zenodo.org/records/10410922,"Russell, T., Jaramillo, D., Nicholas, C., Thomas, F., Pant, R., & Hall, J. W. (2023). Infrastructure Climate Resilience Assessment Data Starter Kit for South Sudan (0.1.0) [Data set]. Zenodo. https://doi.org/10.5281/zenodo.10410922"
14536856,Senegal,Infrastructure Climate Resilience Assessment Data Starter Kit for Senegal,10.5281/zenodo.14536856,https://zenodo.org/records/14536856,"Russell, T., Jaramillo, D., Nicholas, C., Thomas, F., Pant, R., & Hall, J. W. (2024). Infrastructure Climate Resilience Assessment Data Starter Kit for Senegal (0.2.0) [Data set]. Zenodo. https://doi.org/10.5281/zenodo.14536856"
16540192,Singapore,Infrastructure Climate Resilience Assessment Data Starter Kit for Singapore,10.5281/zenodo.16540192,https://zenodo.org/records/16540192,"Russell, T., Jaramillo, D., Nicholas, C., Thomas, F., Pant, R., & Hall, J. W. (2025). Infrastructure Climate Resilience Assessment Data Starter Kit for Singapore (0.2.1) [Data set]. Zenodo. https://doi.org/10.5281/zenodo.16540192"
16540133,Saint Helena,Infrastructure Climate Resilience Assessment Data Starter Kit for Saint Helena,10.5281/zenodo.16540133,https://zenodo.org/records/16540133,"Russell, T., Jaramillo, D., Nicholas, C., Thomas, F., Pant, R., & Hall, J. W. (2025). Infrastructure Climate Resilience Assessment Data Starter Kit for Saint Helena (0.2.1) [Data set]. Zenodo. https://doi.org/10.5281/zenodo.16540133"
16540204,Solomon Islands,Infrastructure Climate Resilience Assessment Data Starter Kit for Solomon Islands,10.5281/zenodo.16540204,https://zenodo.org/records/16540204,"Russell, T., Jaramillo, D., Nicholas, C., Thomas, F., Pant, R., & Hall, J. W. (2025). Infrastructure Climate Resilience Assessment Data Starter Kit for Solomon Islands (0.2.1) [Data set]. Zenodo. https://doi.org/10.5281/zenodo.16540204"
16540185,Sierra Leone,Infrastructure Climate Resilience Assessment Data Starter Kit for Sierra Leone,10.5281/zenodo.16540185,https://zenodo.org/records/16540185,"Russell, T., Jaramillo, D., Nicholas, C., Thomas, F., Pant, R., & Hall, J. W. (2025). Infrastructure Climate Resilience Assessment Data Starter Kit for Sierra Leone (0.2.1) [Data set]. Zenodo. https://doi.org/10.5281/zenodo.16540185"
10796645,El Salvador,Infrastructure Climate Resilience Assessment Data Starter Kit for El Salvador,10.5281/zenodo.10796645,https://zenodo.org/records/10796645,"Russell, T., Jaramillo, D., Nicholas, C., Thomas, F., Pant, R., & Hall, J. W. (2024). Infrastructure Climate Resilience Assessment Data Starter Kit for El Salvador (0.1.0) [Data set]. Zenodo. https://doi.org/10.5281/zenodo.10796645"
16540162,San Marino,Infrastructure Climate Resilience Assessment Data Starter Kit for San Marino,10.5281/zenodo.16540162,https://zenodo.org/records/16540162,"Russell, T., Jaramillo, D., Nicholas, C., Thomas, F., Pant, R., & Hall, J. W. (2025). Infrastructure Climate Resilience Assessment Data Starter Kit for San Marino (0.2.1) [Data set]. Zenodo. https://doi.org/10.5281/zenodo.16540162"
10410911,Somaliland,Infrastructure Climate Resilience Assessment Data Starter Kit for Somaliland,10.5281/zenodo.10410911,https://zenodo.org/records/10410911,"Russell, T., Jaramillo, D., Nicholas, C., Thomas, F., Pant, R., & Hall, J. W. (2023). Infrastructure Climate Resilience Assessment Data Starter Kit for Somaliland (0.1.0) [Data set]. Zenodo. https://doi.org/10.5281/zenodo.10410911"
16540098,Somalia,Infrastructure Climate Resilience Assessment Data Starter Kit for Somalia,10.5281/zenodo.16540098,https://zenodo.org/records/16540098,"Russell, T., Jaramillo, D., Nicholas, C., Thomas, F., Pant, R., & Hall, J. W. (2025). Infrastructure Climate Resilience Assessment Data Starter Kit for Somalia (0.2.1) [Data set]. Zenodo. https://doi.org/10.5281/zenodo.16540098"
10796701,Saint Pierre and Miquelon,Infrastructure Climate Resilience Assessment Data Starter Kit for Saint Pierre and Miquelon,10.5281/zenodo.10796701,https://zenodo.org/records/10796701,"Russell, T., Jaramillo, D., Nicholas, C., Thomas, F., Pant, R., & Hall, J. W. (2024). Infrastructure Climate Resilience Assessment Data Starter Kit for Saint Pierre and Miquelon (0.1.0) [Data set]. Zenodo. https://doi.org/10.5281/zenodo.10796701"
16539704,Serbia,Infrastructure Climate Resilience Assessment Data Starter Kit for Serbia,10.5281/zenodo.16539704,https://zenodo.org/records/16539704,"Russell, T., Jaramillo, D., Nicholas, C., Thomas, F., Pant, R., & Hall, J. W. (2025). Infrastructure Climate Resilience Assessment Data Starter Kit for Serbia (0.2.1) [Data set]. Zenodo. https://doi.org/10.5281/zenodo.16539704"
16539765,São Tomé and Principe,Infrastructure Climate Resilience Assessment Data Starter Kit for São Tomé and Principe,10.5281/zenodo.16539765,https://zenodo.org/records/16539765,"Russell, T., Jaramillo, D., Nicholas, C., Thomas, F., Pant, R., & Hall, J. W. (2025). Infrastructure Climate Resilience Assessment Data Starter Kit for São Tomé and Principe (0.2.1) [Data set]. Zenodo. https://doi.org/10.5281/zenodo.16539765"
16540021,Suriname,Infrastructure Climate Resilience Assessment Data Starter Kit for Suriname,10.5281/zenodo.16540021,https://zenodo.org/records/16540021,"Russell, T., Jaramillo, D., Nicholas, C., Thomas, F., Pant, R., & Hall, J. W. (2025). Infrastructure Climate Resilience Assessment Data Starter Kit for Suriname (0.2.1) [Data set]. Zenodo. https://doi.org/10.5281/zenodo.16540021"
16539734,Slovakia,Infrastructure Climate Resilience Assessment Data Starter Kit for Slovakia,10.5281/zenodo.16539734,https://zenodo.org/records/16539734,"Russell, T., Jaramillo, D., Nicholas, C., Thomas, F., Pant, R., & Hall, J. W. (2025). Infrastructure Climate Resilience Assessment Data Starter Kit for Slovakia (0.2.1) [Data set]. Zenodo. https://doi.org/10.5281/zenodo.16539734"
16539755,Slovenia,Infrastructure Climate Resilience Assessment Data Starter Kit for Slovenia,10.5281/zenodo.16539755,https://zenodo.org/records/16539755,"Russell, T., Jaramillo, D., Nicholas, C., Thomas, F., Pant, R., & Hall, J. W. (2025). Infrastructure Climate Resilience Assessment Data Starter Kit for Slovenia (0.2.1) [Data set]. Zenodo. https://doi.org/10.5281/zenodo.16539755"
16539745,Sweden,Infrastructure Climate Resilience Assessment Data Starter Kit for Sweden,10.5281/zenodo.16539745,https://zenodo.org/records/16539745,"Russell, T., Jaramillo, D., Nicholas, C., Thomas, F., Pant, R., & Hall, J. W. (2025). Infrastructure Climate Resilience Assessment Data Starter Kit for Sweden (0.2.1) [Data set]. Zenodo. https://doi.org/10.5281/zenodo.16539745"
10410863,eSwatini,Infrastructure Climate Resilience Assessment Data Starter Kit for eSwatini,10.5281/zenodo.10410863,https://zenodo.org/records/10410863,"Russell, T., Jaramillo, D., Nicholas, C., Thomas, F., Pant, R., & Hall, J. W. (2023). Infrastructure Climate Resilience Assessment Data Starter Kit for eSwatini (0.1.0) [Data set]. Zenodo. https://doi.org/10.5281/zenodo.10410863"
10796658,Sint Maarten,Infrastructure Climate Resilience Assessment Data Starter Kit for Sint Maarten,10.5281/zenodo.10796658,https://zenodo.org/records/10796658,"Russell, T., Jaramillo, D., Nicholas, C., Thomas, F., Pant, R., & Hall, J. W. (2024). Infrastructure Climate Resilience Assessment Data Starter Kit for Sint Maarten (0.1.0) [Data set]. Zenodo. https://doi.org/10.5281/zenodo.10796658"
10796589,Seychelles,Infrastructure Climate Resilience Assessment Data Starter Kit for Seychelles,10.5281/zenodo.10796589,https://zenodo.org/records/10796589,"Russell, T., Jaramillo, D., Nicholas, C., Thomas, F., Pant, R., & Hall, J. W. (2024). Infrastructure Climate Resilience Assessment Data Starter Kit for Seychelles (0.1.0) [Data set]. Zenodo. https://doi.org/10.5281/zenodo.10796589"
16539769,Syria,Infrastructure Climate Resilience Assessment Data Starter Kit for Syria,10.5281/zenodo.16539769,https://zenodo.org/records/16539769,"Russell, T., Jaramillo, D., Nicholas, C., Thomas, F., Pant, R., & Hall, J. W. (2025). Infrastructure Climate Resilience Assessment Data Starter Kit for Syria (0.2.1) [Data set]. Zenodo. https://doi.org/10.5281/zenodo.16539769"
10797489,Turks and Caicos Islands,Infrastructure Climate Resilience Assessment Data Starter Kit for Turks and Caicos Islands,10.5281/zenodo.10797489,https://zenodo.org/records/10797489,"Russell, T., Jaramillo, D., Nicholas, C., Thomas, F., Pant, R., & Hall, J. W. (2024). Infrastructure Climate Resilience Assessment Data Starter Kit for Turks and Caicos Islands (0.1.0) [Data set]. Zenodo. https://doi.org/10.5281/zenodo.10797489"
16540211,Chad,Infrastructure Climate Resilience Assessment Data Starter Kit for Chad,10.5281/zenodo.16540211,https://zenodo.org/records/16540211,"Russell, T., Jaramillo, D., Nicholas, C., Thomas, F., Pant, R., & Hall, J. W. (2025). Infrastructure Climate Resilience Assessment Data Starter Kit for Chad (0.2.1) [Data set]. Zenodo. https://doi.org/10.5281/zenodo.16540211"
16540191,Togo,Infrastructure Climate Resilience Assessment Data Starter Kit for Togo,10.5281/zenodo.16540191,https://zenodo.org/records/16540191,"Russell, T., Jaramillo, D., Nicholas, C., Thomas, F., Pant, R., & Hall, J. W. (2025). Infrastructure Climate Resilience Assessment Data Starter Kit for Togo (0.2.1) [Data set]. Zenodo. https://doi.org/10.5281/zenodo.16540191"
10796595,Thailand,Infrastructure Climate Resilience Assessment Data Starter Kit for Thailand,10.5281/zenodo.10796595,https://zenodo.org/records/10796595,"Russell, T., Jaramillo, D., Nicholas, C., Thomas, F., Pant, R., & Hall, J. W. (2024). Infrastructure Climate Resilience Assessment Data Starter Kit for Thailand (0.1.0) [Data set]. Zenodo. https://doi.org/10.5281/zenodo.10796595"
16540088,Tajikistan,Infrastructure Climate Resilience Assessment Data Starter Kit for Tajikistan,10.5281/zenodo.16540088,https://zenodo.org/records/16540088,"Russell, T., Jaramillo, D., Nicholas, C., Thomas, F., Pant, R., & Hall, J. W. (2025). Infrastructure Climate Resilience Assessment Data Starter Kit for Tajikistan (0.2.1) [Data set]. Zenodo. https://doi.org/10.5281/zenodo.16540088"
16540126,Tokelau,Infrastructure Climate Resilience Assessment Data Starter Kit for Tokelau,10.5281/zenodo.16540126,https://zenodo.org/records/16540126,"Russell, T., Jaramillo, D., Nicholas, C., Thomas, F., Pant, R., & Hall, J. W. (2025). Infrastructure Climate Resilience Assessment Data Starter Kit for Tokelau (0.2.1) [Data set]. Zenodo. https://doi.org/10.5281/zenodo.16540126"
16539796,Turkmenistan,Infrastructure Climate Resilience Assessment Data Starter Kit for Turkmenistan,10.5281/zenodo.16539796,https://zenodo.org/records/16539796,"Russell, T., Jaramillo, D., Nicholas, C., Thomas, F., Pant, R., & Hall, J. W. (2025). Infrastructure Climate Resilience Assessment Data Starter Kit for Turkmenistan (0.2.1) [Data set]. Zenodo. https://doi.org/10.5281/zenodo.16539796"
16540037,East Timor,Infrastructure Climate Resilience Assessment Data Starter Kit for East Timor,10.5281/zenodo.16540037,https://zenodo.org/records/16540037,"Russell, T., Jaramillo, D., Nicholas, C., Thomas, F., Pant, R., & Hall, J. W. (2025). Infrastructure Climate Resilience Assessment Data Starter Kit for East Timor (0.2.1) [Data set]. Zenodo. https://doi.org/10.5281/zenodo.16540037"
16540152,Tonga,Infrastructure Climate Resilience Assessment Data Starter Kit for Tonga,10.5281/zenodo.16540152,https://zenodo.org/records/16540152,"Russell, T., Jaramillo, D., Nicholas, C., Thomas, F., Pant, R., & Hall, J. W. (2025). Infrastructure Climate Resilience Assessment Data Starter Kit for Tonga (0.2.1) [Data set]. Zenodo. https://doi.org/10.5281/zenodo.16540152"
16539774,Trinidad and Tobago,Infrastructure Climate Resilience Assessment Data Starter Kit for Trinidad and Tobago,10.5281/zenodo.16539774,https://zenodo.org/records/16539774,"Russell, T., Jaramillo, D., Nicholas, C., Thomas, F., Pant, R., & Hall, J. W. (2025). Infrastructure Climate Resilience Assessment Data Starter Kit for Trinidad and Tobago (0.2.1) [Data set]. Zenodo. https://doi.org/10.5281/zenodo.16539774"
16540193,Tunisia,Infrastructure Climate Resilience Assessment Data Starter Kit for Tunisia,10.5281/zenodo.16540193,https://zenodo.org/records/16540193,"Russell, T., Jaramillo, D., Nicholas, C., Thomas, F., Pant, R., & Hall, J. W. (2025). Infrastructure Climate Resilience Assessment Data Starter Kit for Tunisia (0.2.1) [Data set]. Zenodo. https://doi.org/10.5281/zenodo.16540193"
16540141,Turkey,Infrastructure Climate Resilience Assessment Data Starter Kit for Turkey,10.5281/zenodo.16540141,https://zenodo.org/records/16540141,"Russell, T., Jaramillo, D., Nicholas, C., Thomas, F., Pant, R., & Hall, J. W. (2025). Infrastructure Climate Resilience Assessment Data Starter Kit for Turkey (0.2.1) [Data set]. Zenodo. https://doi.org/10.5281/zenodo.16540141"
16540145,Tuvalu,Infrastructure Climate Resilience Assessment Data Starter Kit for Tuvalu,10.5281/zenodo.16540145,https://zenodo.org/records/16540145,"Russell, T., Jaramillo, D., Nicholas, C., Thomas, F., Pant, R., & Hall, J. W. (2025). Infrastructure Climate Resilience Assessment Data Starter Kit for Tuvalu (0.2.1) [Data set]. Zenodo. https://doi.org/10.5281/zenodo.16540145"
10796689,Taiwan,Infrastructure Climate Resilience Assessment Data Starter Kit for Taiwan,10.5281/zenodo.10796689,https://zenodo.org/records/10796689,"Russell, T., Jaramillo, D., Nicholas, C., Thomas, F., Pant, R., & Hall, J. W. (2024). Infrastructure Climate Resilience Assessment Data Starter Kit for Taiwan (0.1.0) [Data set]. Zenodo. https://doi.org/10.5281/zenodo.10796689"
14536866,Tanzania,Infrastructure Climate Resilience Assessment Data Starter Kit for Tanzania,10.5281/zenodo.14536866,https://zenodo.org/records/14536866,"Russell, T., Jaramillo, D., Nicholas, C., Thomas, F., Pant, R., & Hall, J. W. (2024). Infrastructure Climate Resilience Assessment Data Starter Kit for Tanzania (0.2.0) [Data set]. Zenodo. https://doi.org/10.5281/zenodo.14536866"
10410840,Uganda,Infrastructure Climate Resilience Assessment Data Starter Kit for Uganda,10.5281/zenodo.10410840,https://zenodo.org/records/10410840,"Russell, T., Jaramillo, D., Nicholas, C., Thomas, F., Pant, R., & Hall, J. W. (2023). Infrastructure Climate Resilience Assessment Data Starter Kit for Uganda (0.1.0) [Data set]. Zenodo. https://doi.org/10.5281/zenodo.10410840"
16539730,Ukraine,Infrastructure Climate Resilience Assessment Data Starter Kit for Ukraine,10.5281/zenodo.16539730,https://zenodo.org/records/16539730,"Russell, T., Jaramillo, D., Nicholas, C., Thomas, F., Pant, R., & Hall, J. W. (2025). Infrastructure Climate Resilience Assessment Data Starter Kit for Ukraine (0.2.1) [Data set]. Zenodo. https://doi.org/10.5281/zenodo.16539730"
10410820,Uruguay,Infrastructure Climate Resilience Assessment Data Starter Kit for Uruguay,10.5281/zenodo.10410820,https://zenodo.org/records/10410820,"Russell, T., Jaramillo, D., Nicholas, C., Thomas, F., Pant, R., & Hall, J. W. (2023). Infrastructure Climate Resilience Assessment Data Starter Kit for Uruguay (0.1.0) [Data set]. Zenodo. https://doi.org/10.5281/zenodo.10410820"
16540129,North Pacific Islands (USA),Infrastructure Climate Resilience Assessment Data Starter Kit for North Pacific Islands (USA),10.5281/zenodo.16540129,https://zenodo.org/records/16540129,"Russell, T., Jaramillo, D., Nicholas, C., Thomas, F., Pant, R., & Hall, J. W. (2025). Infrastructure Climate Resilience Assessment Data Starter Kit for North Pacific Islands (USA) (0.2.1) [Data set]. Zenodo. https://doi.org/10.5281/zenodo.16540129"
16540135,Uzbekistan,Infrastructure Climate Resilience Assessment Data Starter Kit for Uzbekistan,10.5281/zenodo.16540135,https://zenodo.org/records/16540135,"Russell, T., Jaramillo, D., Nicholas, C., Thomas, F., Pant, R., & Hall, J. W. (2025). Infrastructure Climate Resilience Assessment Data Starter Kit for Uzbekistan (0.2.1) [Data set]. Zenodo. https://doi.org/10.5281/zenodo.16540135"
10796659,Saint Vincent and the Grenadines,Infrastructure Climate Resilience Assessment Data Starter Kit for Saint Vincent and the Grenadines,10.5281/zenodo.10796659,https://zenodo.org/records/10796659,"Russell, T., Jaramillo, D., Nicholas, C., Thomas, F., Pant, R., & Hall, J. W. (2024). Infrastructure Climate Resilience Assessment Data Starter Kit for Saint Vincent and the Grenadines (0.1.0) [Data set]. Zenodo. https://doi.org/10.5281/zenodo.10796659"
16540089,Venezuela,Infrastructure Climate Resilience Assessment Data Starter Kit for Venezuela,10.5281/zenodo.16540089,https://zenodo.org/records/16540089,"Russell, T., Jaramillo, D., Nicholas, C., Thomas, F., Pant, R., & Hall, J. W. (2025). Infrastructure Climate Resilience Assessment Data Starter Kit for Venezuela (0.2.1) [Data set]. Zenodo. https://doi.org/10.5281/zenodo.16540089"
16540148,British Virgin Islands,Infrastructure Climate Resilience Assessment Data Starter Kit for British Virgin Islands,10.5281/zenodo.16540148,https://zenodo.org/records/16540148,"Russell, T., Jaramillo, D., Nicholas, C., Thomas, F., Pant, R., & Hall, J. W. (2025). Infrastructure Climate Resilience Assessment Data Starter Kit for British Virgin Islands (0.2.1) [Data set]. Zenodo. https://doi.org/10.5281/zenodo.16540148"
10796619,United States Virgin Islands,Infrastructure Climate Resilience Assessment Data Starter Kit for United States Virgin Islands,10.5281/zenodo.10796619,https://zenodo.org/records/10796619,"Russell, T., Jaramillo, D., Nicholas, C., Thomas, F., Pant, R., & Hall, J. W. (2024). Infrastructure Climate Resilience Assessment Data Starter Kit for United States Virgin Islands (0.1.0) [Data set]. Zenodo. https://doi.org/10.5281/zenodo.10796619"
10796572,Vietnam,Infrastructure Climate Resilience Assessment Data Starter Kit for Vietnam,10.5281/zenodo.10796572,https://zenodo.org/records/10796572,"Russell, T., Jaramillo, D., Nicholas, C., Thomas, F., Pant, R., & Hall, J. W. (2024). Infrastructure Climate Resilience Assessment Data Starter Kit for Vietnam (0.1.0) [Data set]. Zenodo. https://doi.org/10.5281/zenodo.10796572"
16540217,Vanuatu,Infrastructure Climate Resilience Assessment Data Starter Kit for Vanuatu,10.5281/zenodo.16540217,https://zenodo.org/records/16540217,"Russell, T., Jaramillo, D., Nicholas, C., Thomas, F., Pant, R., & Hall, J. W. (2025). Infrastructure Climate Resilience Assessment Data Starter Kit for Vanuatu (0.2.1) [Data set]. Zenodo. https://doi.org/10.5281/zenodo.16540217"
16540180,Wallis and Futuna,Infrastructure Climate Resilience Assessment Data Starter Kit for Wallis and Futuna,10.5281/zenodo.16540180,https://zenodo.org/records/16540180,"Russell, T., Jaramillo, D., Nicholas, C., Thomas, F., Pant, R., & Hall, J. W. (2025). Infrastructure Climate Resilience Assessment Data Starter Kit for Wallis and Futuna (0.2.1) [Data set]. Zenodo. https://doi.org/10.5281/zenodo.16540180"
16540177,Samoa,Infrastructure Climate Resilience Assessment Data Starter Kit for Samoa,10.5281/zenodo.16540177,https://zenodo.org/records/16540177,"Russell, T., Jaramillo, D., Nicholas, C., Thomas, F., Pant, R., & Hall, J. W. (2025). Infrastructure Climate Resilience Assessment Data Starter Kit for Samoa (0.2.1) [Data set]. Zenodo. https://doi.org/10.5281/zenodo.16540177"
16539800,Yemen,Infrastructure Climate Resilience Assessment Data Starter Kit for Yemen,10.5281/zenodo.16539800,https://zenodo.org/records/16539800,"Russell, T., Jaramillo, D., Nicholas, C., Thomas, F., Pant, R., & Hall, J. W. (2025). Infrastructure Climate Resilience Assessment Data Starter Kit for Yemen (0.2.1) [Data set]. Zenodo. https://doi.org/10.5281/zenodo.16539800"
15271243,South Africa,Infrastructure Climate Resilience Assessment Data Starter Kit for South Africa,10.5281/zenodo.15271243,https://zenodo.org/records/15271243,"Russell, T., Jaramillo, D., Nicholas, C., Thomas, F., Pant, R., & Hall, J. W. (2025). Infrastructure Climate Resilience Assessment Data Starter Kit for South Africa (0.2.0) [Data set]. Zenodo. https://doi.org/10.5281/zenodo.15271243"
14536869,Zambia,Infrastructure Climate Resilience Assessment Data Starter Kit for Zambia,10.5281/zenodo.14536869,https://zenodo.org/records/14536869,"Russell, T., Jaramillo, D., Nicholas, C., Thomas, F., Pant, R., & Hall, J. W. (2024). Infrastructure Climate Resilience Assessment Data Starter Kit for Zambia (0.2.0) [Data set]. Zenodo. https://doi.org/10.5281/zenodo.14536869"
16540058,Zimbabwe,Infrastructure Climate Resilience Assessment Data Starter Kit for Zimbabwe,10.5281/zenodo.16540058,https://zenodo.org/records/16540058,"Russell, T., Jaramillo, D., Nicholas, C., Thomas, F., Pant, R., & Hall, J. W. (2025). Infrastructure Climate Resilience Assessment Data Starter Kit for Zimbabwe (0.2.1) [Data set]. Zenodo. https://doi.org/10.5281/zenodo.16540058"
